"CubeId";"plkopr"
"PublishingDate";"2022-10-21 09:00"

"Date";"D0";"Value"
"1921-01";"LD2010100";"20.94749345"
"1921-01";"VVP";
"1921-02";"LD2010100";"20.70468115"
"1921-02";"VVP";
"1921-03";"LD2010100";"20.42310217"
"1921-03";"VVP";
"1921-04";"LD2010100";"20.2191557"
"1921-04";"VVP";
"1921-05";"LD2010100";"19.74334671"
"1921-05";"VVP";
"1921-06";"LD2010100";"19.37422045"
"1921-06";"VVP";
"1921-07";"LD2010100";"19.18008959"
"1921-07";"VVP";
"1921-08";"LD2010100";"19.09264147"
"1921-08";"VVP";
"1921-09";"LD2010100";"18.86926208"
"1921-09";"VVP";
"1921-10";"LD2010100";"18.66531562"
"1921-10";"VVP";
"1921-11";"LD2010100";"18.29618936"
"1921-11";"VVP";
"1921-12";"LD2010100";"17.84952974"
"1921-12";"VVP";
"1922-01";"LD2010100";"17.791231"
"1922-01";"VVP";"-15.06749465"
"1922-02";"LD2010100";"17.0726097"
"1922-02";"VVP";"-17.54227183"
"1922-03";"LD2010100";"16.38313778"
"1922-03";"VVP";"-19.78134542"
"1922-04";"LD2010100";"15.88789587"
"1922-04";"VVP";"-21.42156622"
"1922-05";"LD2010100";"15.48971939"
"1922-05";"VVP";"-21.54461134"
"1922-06";"LD2010100";"15.46057002"
"1922-06";"VVP";"-20.20029886"
"1922-07";"LD2010100";"15.4993367"
"1922-07";"VVP";"-19.1904885"
"1922-08";"LD2010100";"15.3731219"
"1922-08";"VVP";"-19.48142994"
"1922-09";"LD2010100";"15.3829375"
"1922-09";"VVP";"-18.47621049"
"1922-10";"LD2010100";"15.4993367"
"1922-10";"VVP";"-16.96182898"
"1922-11";"LD2010100";"15.60621774"
"1922-11";"VVP";"-14.70235999"
"1922-12";"LD2010100";"15.59650128"
"1922-12";"VVP";"-12.62234072"
"1923-01";"LD2010100";"15.62565066"
"1923-01";"VVP";"-12.1721782"
"1923-02";"LD2010100";"15.4993367"
"1923-02";"VVP";"-9.21518752"
"1923-03";"LD2010100";"15.57706837"
"1923-03";"VVP";"-4.92011619"
"1923-04";"LD2010100";"15.70338232"
"1923-04";"VVP";"-1.16134669"
"1923-05";"LD2010100";"15.84893089"
"1923-05";"VVP";"2.31903168"
"1923-06";"LD2010100";"15.99467776"
"1923-06";"VVP";"3.45464456"
"1923-07";"LD2010100";"15.99467776"
"1923-07";"VVP";"3.19588552"
"1923-08";"LD2010100";"15.99467776"
"1923-08";"VVP";"4.04313364"
"1923-09";"LD2010100";"16.00439422"
"1923-09";"VVP";"4.03990925"
"1923-10";"LD2010100";"16.05297651"
"1923-10";"VVP";"3.57202257"
"1923-11";"LD2010100";"16.26663943"
"1923-11";"VVP";"4.23178572"
"1923-12";"LD2010100";"16.34427195"
"1923-12";"VVP";"4.79447701"
"1924-01";"LD2010100";"16.41218801"
"1924-01";"VVP";"5.03362944"
"1924-02";"LD2010100";"16.33455549"
"1924-02";"VVP";"5.38873892"
"1924-03";"LD2010100";"16.33455549"
"1924-03";"VVP";"4.86283496"
"1924-04";"LD2010100";"16.25682383"
"1924-04";"VVP";"3.52434589"
"1924-05";"LD2010100";"16.22767446"
"1924-05";"VVP";"2.38971048"
"1924-06";"LD2010100";"16.27635589"
"1924-06";"VVP";"1.76107413"
"1924-07";"LD2010100";"16.32493818"
"1924-07";"VVP";"2.06481447"
"1924-08";"LD2010100";"16.31512258"
"1924-08";"VVP";"2.00344652"
"1924-09";"LD2010100";"16.33455549"
"1924-09";"VVP";"2.0629414"
"1924-10";"LD2010100";"16.58708425"
"1924-10";"VVP";"3.32715706"
"1924-11";"LD2010100";"16.65500031"
"1924-11";"VVP";"2.38746838"
"1924-12";"LD2010100";"16.61623362"
"1924-12";"VVP";"1.6639571"
"1925-01";"LD2010100";"16.48030236"
"1925-01";"VVP";"0.41502299"
"1925-02";"LD2010100";"16.47048675"
"1925-02";"VVP";"0.83216995"
"1925-03";"LD2010100";"16.44133738"
"1925-03";"VVP";"0.65371775"
"1925-04";"LD2010100";"16.34427195"
"1925-04";"VVP";"0.5379164"
"1925-05";"LD2010100";"16.31512258"
"1925-05";"VVP";"0.53888264"
"1925-06";"LD2010100";"16.32493818"
"1925-06";"VVP";"0.29848382"
"1925-07";"LD2010100";"16.30540612"
"1925-07";"VVP";"-0.11964556"
"1925-08";"LD2010100";"16.31512258"
"1925-08";"VVP";"0"
"1925-09";"LD2010100";"16.35408756"
"1925-09";"VVP";"0.11957511"
"1925-10";"LD2010100";"16.24720652"
"1925-10";"VVP";"-2.04905049"
"1925-11";"LD2010100";"16.23749006"
"1925-11";"VVP";"-2.50681621"
"1925-12";"LD2010100";"16.19862423"
"1925-12";"VVP";"-2.51326145"
"1926-01";"LD2010100";"16.10145965"
"1926-01";"VVP";"-2.29876068"
"1926-02";"LD2010100";"15.95581193"
"1926-02";"VVP";"-3.1248307"
"1926-03";"LD2010100";"15.86846296"
"1926-03";"VVP";"-3.48435418"
"1926-04";"LD2010100";"15.73253169"
"1926-04";"VVP";"-3.74284189"
"1926-05";"LD2010100";"15.71299963"
"1926-05";"VVP";"-3.69058182"
"1926-06";"LD2010100";"15.70338232"
"1926-06";"VVP";"-3.80740102"
"1926-07";"LD2010100";"15.69356671"
"1926-07";"VVP";"-3.75237145"
"1926-08";"LD2010100";"15.6159342"
"1926-08";"VVP";"-4.28552329"
"1926-09";"LD2010100";"15.64508357"
"1926-09";"VVP";"-4.33533196"
"1926-10";"LD2010100";"15.67423295"
"1926-10";"VVP";"-3.52659747"
"1926-11";"LD2010100";"15.63536711"
"1926-11";"VVP";"-3.70822673"
"1926-12";"LD2010100";"15.62565066"
"1926-12";"VVP";"-3.5371743"
"1927-01";"LD2010100";"15.55763545"
"1927-01";"VVP";"-3.37748385"
"1927-02";"LD2010100";"15.50915231"
"1927-02";"VVP";"-2.79935376"
"1927-03";"LD2010100";"15.42170419"
"1927-03";"VVP";"-2.81538779"
"1927-04";"LD2010100";"15.34397252"
"1927-04";"VVP";"-2.46978157"
"1927-05";"LD2010100";"15.4993367"
"1927-05";"VVP";"-1.35978445"
"1927-06";"LD2010100";"15.57706837"
"1927-06";"VVP";"-0.80437418"
"1927-07";"LD2010100";"15.53820253"
"1927-07";"VVP";"-0.98998642"
"1927-08";"LD2010100";"15.51886877"
"1927-08";"VVP";"-0.62157941"
"1927-09";"LD2010100";"15.65480003"
"1927-09";"VVP";"0.0621055"
"1927-10";"LD2010100";"15.6839494"
"1927-10";"VVP";"0.06199001"
"1927-11";"LD2010100";"15.76168107"
"1927-11";"VVP";"0.80787328"
"1927-12";"LD2010100";"15.73253169"
"1927-12";"VVP";"0.68401015"
"1928-01";"LD2010100";"15.66451649"
"1928-01";"VVP";"0.68700052"
"1928-02";"LD2010100";"15.59650128"
"1928-02";"VVP";"0.56320921"
"1928-03";"LD2010100";"15.51886877"
"1928-03";"VVP";"0.63005085"
"1928-04";"LD2010100";"15.54801814"
"1928-04";"VVP";"1.32980957"
"1928-05";"LD2010100";"15.57706837"
"1928-05";"VVP";"0.50151606"
"1928-06";"LD2010100";"15.6159342"
"1928-06";"VVP";"0.24950672"
"1928-07";"LD2010100";"15.64508357"
"1928-07";"VVP";"0.68785972"
"1928-08";"LD2010100";"15.59650128"
"1928-08";"VVP";"0.50024597"
"1928-09";"LD2010100";"15.63536711"
"1928-09";"VVP";"-0.12413391"
"1928-10";"LD2010100";"15.73253169"
"1928-10";"VVP";"0.30975801"
"1928-11";"LD2010100";"15.76168107"
"1928-11";"VVP";"0"
"1928-12";"LD2010100";"15.75186546"
"1928-12";"VVP";"0.12289038"
"1929-01";"LD2010100";"15.66451649"
"1929-01";"VVP";"0"
"1929-02";"LD2010100";"15.66451649"
"1929-02";"VVP";"0.43609271"
"1929-03";"LD2010100";"15.59650128"
"1929-03";"VVP";"0.50024597"
"1929-04";"LD2010100";"15.47018733"
"1929-04";"VVP";"-0.50058348"
"1929-05";"LD2010100";"15.53820253"
"1929-05";"VVP";"-0.24950672"
"1929-06";"LD2010100";"15.63536711"
"1929-06";"VVP";"0.12444286"
"1929-07";"LD2010100";"15.6159342"
"1929-07";"VVP";"-0.18631651"
"1929-08";"LD2010100";"15.69356671"
"1929-08";"VVP";"0.62235388"
"1929-09";"LD2010100";"15.78101483"
"1929-09";"VVP";"0.93152735"
"1929-10";"LD2010100";"15.78101483"
"1929-10";"VVP";"0.30817127"
"1929-11";"LD2010100";"15.73253169"
"1929-11";"VVP";"-0.18493823"
"1929-12";"LD2010100";"15.6839494"
"1929-12";"VVP";"-0.431162"
"1930-01";"LD2010100";"15.59650128"
"1930-01";"VVP";"-0.4341992"
"1930-02";"LD2010100";"15.51886877"
"1930-02";"VVP";"-0.92979391"
"1930-03";"LD2010100";"15.48000293"
"1930-03";"VVP";"-0.7469518"
"1930-04";"LD2010100";"15.33435521"
"1930-04";"VVP";"-0.87802502"
"1930-05";"LD2010100";"15.32463876"
"1930-05";"VVP";"-1.37444327"
"1930-06";"LD2010100";"15.3731219"
"1930-06";"VVP";"-1.67725653"
"1930-07";"LD2010100";"15.40227127"
"1930-07";"VVP";"-1.36823659"
"1930-08";"LD2010100";"15.42170419"
"1930-08";"VVP";"-1.73231829"
"1930-09";"LD2010100";"15.41198773"
"1930-09";"VVP";"-2.33842442"
"1930-10";"LD2010100";"15.31482315"
"1930-10";"VVP";"-2.95412994"
"1930-11";"LD2010100";"15.27605647"
"1930-11";"VVP";"-2.90147342"
"1930-12";"LD2010100";"15.16927458"
"1930-12";"VVP";"-3.28153842"
"1931-01";"LD2010100";"15.11097583"
"1931-01";"VVP";"-3.11304082"
"1931-02";"LD2010100";"15.02352771"
"1931-02";"VVP";"-3.19186318"
"1931-03";"LD2010100";"14.86816353"
"1931-03";"VVP";"-3.95245019"
"1931-04";"LD2010100";"14.62535123"
"1931-04";"VVP";"-4.62363089"
"1931-05";"LD2010100";"14.59620186"
"1931-05";"VVP";"-4.75337077"
"1931-06";"LD2010100";"14.5864854"
"1931-06";"VVP";"-5.11696001"
"1931-07";"LD2010100";"14.55733602"
"1931-07";"VVP";"-5.48578344"
"1931-08";"LD2010100";"14.48941997"
"1931-08";"VVP";"-6.04527365"
"1931-09";"LD2010100";"14.48941997"
"1931-09";"VVP";"-5.98604008"
"1931-10";"LD2010100";"14.33405579"
"1931-10";"VVP";"-6.40403975"
"1931-11";"LD2010100";"14.24660767"
"1931-11";"VVP";"-6.73896959"
"1931-12";"LD2010100";"14.06209411"
"1931-12";"VVP";"-7.29883592"
"1932-01";"LD2010100";"13.95531223"
"1932-01";"VVP";"-7.64784232"
"1932-02";"LD2010100";"13.81938096"
"1932-02";"VVP";"-8.01507322"
"1932-03";"LD2010100";"13.76108222"
"1932-03";"VVP";"-7.4459856"
"1932-04";"LD2010100";"13.5668522"
"1932-04";"VVP";"-7.23742636"
"1932-05";"LD2010100";"13.46978677"
"1932-05";"VVP";"-7.7171794"
"1932-06";"LD2010100";"13.43082179"
"1932-06";"VVP";"-7.92283797"
"1932-07";"LD2010100";"13.36290574"
"1932-07";"VVP";"-8.20500596"
"1932-08";"LD2010100";"13.30460699"
"1932-08";"VVP";"-8.17709046"
"1932-09";"LD2010100";"13.24630824"
"1932-09";"VVP";"-8.57944437"
"1932-10";"LD2010100";"13.22697447"
"1932-10";"VVP";"-7.72343384"
"1932-11";"LD2010100";"13.15895927"
"1932-11";"VVP";"-7.63443779"
"1932-12";"LD2010100";"13.05207823"
"1932-12";"VVP";"-7.18254248"
"1933-01";"LD2010100";"12.9550128"
"1933-01";"VVP";"-7.16787564"
"1933-02";"LD2010100";"12.89671405"
"1933-02";"VVP";"-6.67661534"
"1933-03";"LD2010100";"12.82879799"
"1933-03";"VVP";"-6.77478854"
"1933-04";"LD2010100";"12.74134987"
"1933-04";"VVP";"-6.08470055"
"1933-05";"LD2010100";"12.67333467"
"1933-05";"VVP";"-5.91287834"
"1933-06";"LD2010100";"12.70248404"
"1933-06";"VVP";"-5.422883"
"1933-07";"LD2010100";"12.69286673"
"1933-07";"VVP";"-5.01417145"
"1933-08";"LD2010100";"12.69286673"
"1933-08";"VVP";"-4.59795812"
"1933-09";"LD2010100";"12.74134987"
"1933-09";"VVP";"-3.81206868"
"1933-10";"LD2010100";"12.74134987"
"1933-10";"VVP";"-3.67147151"
"1933-11";"LD2010100";"12.76078279"
"1933-11";"VVP";"-3.02589643"
"1933-12";"LD2010100";"12.75106633"
"1933-12";"VVP";"-2.30623732"
"1934-01";"LD2010100";"12.73163342"
"1934-01";"VVP";"-1.72426988"
"1934-02";"LD2010100";"12.70248404"
"1934-02";"VVP";"-1.50604262"
"1934-03";"LD2010100";"12.63456798"
"1934-03";"VVP";"-1.51401566"
"1934-04";"LD2010100";"12.61503592"
"1934-04";"VVP";"-0.99137025"
"1934-05";"LD2010100";"12.54711986"
"1934-05";"VVP";"-0.9959084"
"1934-06";"LD2010100";"12.57626924"
"1934-06";"VVP";"-0.99362302"
"1934-07";"LD2010100";"12.52768695"
"1934-07";"VVP";"-1.30135916"
"1934-08";"LD2010100";"12.49863672"
"1934-08";"VVP";"-1.53022965"
"1934-09";"LD2010100";"12.50825403"
"1934-09";"VVP";"-1.82944385"
"1934-10";"LD2010100";"12.50825403"
"1934-10";"VVP";"-1.82944385"
"1934-11";"LD2010100";"12.52768695"
"1934-11";"VVP";"-1.82665786"
"1934-12";"LD2010100";"12.50825403"
"1934-12";"VVP";"-1.90425094"
"1935-01";"LD2010100";"12.43052237"
"1935-01";"VVP";"-2.36506218"
"1935-02";"LD2010100";"12.38203923"
"1935-02";"VVP";"-2.5226941"
"1935-03";"LD2010100";"12.35288985"
"1935-03";"VVP";"-2.22942432"
"1935-04";"LD2010100";"12.29459111"
"1935-04";"VVP";"-2.54018155"
"1935-05";"LD2010100";"12.26544173"
"1935-05";"VVP";"-2.24496247"
"1935-06";"LD2010100";"12.36260631"
"1935-06";"VVP";"-1.69893728"
"1935-07";"LD2010100";"12.45005443"
"1935-07";"VVP";"-0.61968754"
"1935-08";"LD2010100";"12.49863672"
"1935-08";"VVP";"0"
"1935-09";"LD2010100";"12.50825403"
"1935-09";"VVP";"0"
"1935-10";"LD2010100";"12.55683632"
"1935-10";"VVP";"0.38840185"
"1935-11";"LD2010100";"12.61503592"
"1935-11";"VVP";"0.69724742"
"1935-12";"LD2010100";"12.62485153"
"1935-12";"VVP";"0.93216443"
"1936-01";"LD2010100";"12.59570215"
"1936-01";"VVP";"1.32882416"
"1936-02";"LD2010100";"12.57626924"
"1936-02";"VVP";"1.56864315"
"1936-03";"LD2010100";"12.59570215"
"1936-03";"VVP";"1.96563155"
"1936-04";"LD2010100";"12.61503592"
"1936-04";"VVP";"2.60638856"
"1936-05";"LD2010100";"12.57626924"
"1936-05";"VVP";"2.53417294"
"1936-06";"LD2010100";"12.63456798"
"1936-06";"VVP";"2.19987328"
"1936-07";"LD2010100";"12.64418529"
"1936-07";"VVP";"1.55927722"
"1936-08";"LD2010100";"12.64418529"
"1936-08";"VVP";"1.16451559"
"1936-09";"LD2010100";"12.67333467"
"1936-09";"VVP";"1.31977362"
"1936-10";"LD2010100";"12.78021571"
"1936-10";"VVP";"1.77894637"
"1936-11";"LD2010100";"12.81908154"
"1936-11";"VVP";"1.61747947"
"1936-12";"LD2010100";"12.81908154"
"1936-12";"VVP";"1.53847362"
"1937-01";"LD2010100";"12.96463011"
"1937-01";"VVP";"2.92899874"
"1937-02";"LD2010100";"13.24630824"
"1937-02";"VVP";"5.32780423"
"1937-03";"LD2010100";"13.23659178"
"1937-03";"VVP";"5.08816121"
"1937-04";"LD2010100";"13.27545762"
"1937-04";"VVP";"5.23519472"
"1937-05";"LD2010100";"13.23659178"
"1937-05";"VVP";"5.25054398"
"1937-06";"LD2010100";"13.3240399"
"1937-06";"VVP";"5.45702806"
"1937-07";"LD2010100";"13.31442259"
"1937-07";"VVP";"5.30075512"
"1937-08";"LD2010100";"13.30460699"
"1937-08";"VVP";"5.22312572"
"1937-09";"LD2010100";"13.30460699"
"1937-09";"VVP";"4.98110669"
"1937-10";"LD2010100";"13.36290574"
"1937-10";"VVP";"4.55931296"
"1937-11";"LD2010100";"13.38233865"
"1937-11";"VVP";"4.39389603"
"1937-12";"LD2010100";"13.38233865"
"1937-12";"VVP";"4.39389603"
"1938-01";"LD2010100";"13.38233865"
"1938-01";"VVP";"3.22190867"
"1938-02";"LD2010100";"13.34347282"
"1938-02";"VVP";"0.73352195"
"1938-03";"LD2010100";"13.30460699"
"1938-03";"VVP";"0.51384228"
"1938-04";"LD2010100";"13.25612385"
"1938-04";"VVP";"-0.14563542"
"1938-05";"LD2010100";"13.23659178"
"1938-05";"VVP";"0"
"1938-06";"LD2010100";"13.29489053"
"1938-06";"VVP";"-0.21877279"
"1938-07";"LD2010100";"13.28527322"
"1938-07";"VVP";"-0.21893081"
"1938-08";"LD2010100";"13.24630824"
"1938-08";"VVP";"-0.43818466"
"1938-09";"LD2010100";"13.33375636"
"1938-09";"VVP";"0.21909233"
"1938-10";"LD2010100";"13.31442259"
"1938-10";"VVP";"-0.36281886"
"1938-11";"LD2010100";"13.31442259"
"1938-11";"VVP";"-0.50750515"
"1938-12";"LD2010100";"13.29489053"
"1938-12";"VVP";"-0.65345918"
"1939-01";"LD2010100";"13.26574116"
"1939-01";"VVP";"-0.87127891"
"1939-02";"LD2010100";"13.20744241"
"1939-02";"VVP";"-1.01945282"
"1939-03";"LD2010100";"13.1978251"
"1939-03";"VVP";"-0.80259334"
"1939-04";"LD2010100";"13.24630824"
"1939-04";"VVP";"-0.07404582"
"1939-05";"LD2010100";"13.27545762"
"1939-05";"VVP";"0.29362416"
"1939-06";"LD2010100";"13.34347282"
"1939-06";"VVP";"0.36542076"
"1939-07";"LD2010100";"13.35318928"
"1939-07";"VVP";"0.5112131"
"1939-08";"LD2010100";"13.3240399"
"1939-08";"VVP";"0.58681756"
"1939-09";"LD2010100";"13.42120448"
"1939-09";"VVP";"0.6558401"
"1939-10";"LD2010100";"13.64448472"
"1939-10";"VVP";"2.4789819"
"1939-11";"LD2010100";"13.76108222"
"1939-11";"VVP";"3.35470515"
"1939-12";"LD2010100";"13.79023159"
"1939-12";"VVP";"3.7258002"
"1940-01";"LD2010100";"14.00389451"
"1940-01";"VVP";"5.56435821"
"1940-02";"LD2010100";"14.0426612"
"1940-02";"VVP";"6.32384956"
"1940-03";"LD2010100";"14.06209411"
"1940-03";"VVP";"6.54857151"
"1940-04";"LD2010100";"14.30490641"
"1940-04";"VVP";"7.99164683"
"1940-05";"LD2010100";"14.39225539"
"1940-05";"VVP";"8.41249925"
"1940-06";"LD2010100";"14.52818665"
"1940-06";"VVP";"8.87860189"
"1940-07";"LD2010100";"14.62535123"
"1940-07";"VVP";"9.52702703"
"1940-08";"LD2010100";"14.66421706"
"1940-08";"VVP";"10.05833941"
"1940-09";"LD2010100";"14.87778084"
"1940-09";"VVP";"10.85279908"
"1940-10";"LD2010100";"15.21775772"
"1940-10";"VVP";"11.5304684"
"1940-11";"LD2010100";"15.46057002"
"1940-11";"VVP";"12.34995749"
"1940-12";"LD2010100";"15.52848608"
"1940-12";"VVP";"12.60496952"
"1941-01";"LD2010100";"15.81978152"
"1941-01";"VVP";"12.96701429"
"1941-02";"LD2010100";"15.81978152"
"1941-02";"VVP";"12.65515342"
"1941-03";"LD2010100";"15.89761233"
"1941-03";"VVP";"13.05295072"
"1941-04";"LD2010100";"16.38313778"
"1941-04";"VVP";"14.5281018"
"1941-05";"LD2010100";"16.62595008"
"1941-05";"VVP";"15.52011573"
"1941-06";"LD2010100";"16.97554427"
"1941-06";"VVP";"16.84558216"
"1941-07";"LD2010100";"17.19882451"
"1941-07";"VVP";"17.59597589"
"1941-08";"LD2010100";"17.25712325"
"1941-08";"VVP";"17.68185906"
"1941-09";"LD2010100";"17.30570554"
"1941-09";"VVP";"16.31913206"
"1941-10";"LD2010100";"17.64568242"
"1941-10";"VVP";"15.9545496"
"1941-11";"LD2010100";"17.84952974"
"1941-11";"VVP";"15.45195113"
"1941-12";"LD2010100";"17.89811203"
"1941-12";"VVP";"15.25986464"
"1942-01";"LD2010100";"18.09234204"
"1942-01";"VVP";"14.36530917"
"1942-02";"LD2010100";"18.24770622"
"1942-02";"VVP";"15.34739718"
"1942-03";"LD2010100";"18.32533874"
"1942-03";"VVP";"15.27101277"
"1942-04";"LD2010100";"18.55853373"
"1942-04";"VVP";"13.27826192"
"1942-05";"LD2010100";"18.67503207"
"1942-05";"VVP";"12.3246009"
"1942-06";"LD2010100";"18.71389791"
"1942-06";"VVP";"10.24034109"
"1942-07";"LD2010100";"18.99557604"
"1942-07";"VVP";"10.4469438"
"1942-08";"LD2010100";"18.95661106"
"1942-08";"VVP";"9.84803654"
"1942-09";"LD2010100";"18.97604397"
"1942-09";"VVP";"9.65195222"
"1942-10";"LD2010100";"19.17027398"
"1942-10";"VVP";"8.64002607"
"1942-11";"LD2010100";"19.28687148"
"1942-11";"VVP";"8.0525468"
"1942-12";"LD2010100";"19.38393691"
"1942-12";"VVP";"8.30157323"
"1943-01";"LD2010100";"19.50053441"
"1943-01";"VVP";"7.78336137"
"1943-02";"LD2010100";"19.53930109"
"1943-02";"VVP";"7.07812177"
"1943-03";"LD2010100";"19.55883315"
"1943-03";"VVP";"6.73108657"
"1943-04";"LD2010100";"19.67523235"
"1943-04";"VVP";"6.01717055"
"1943-05";"LD2010100";"19.68504796"
"1943-05";"VVP";"5.40837563"
"1943-06";"LD2010100";"19.74334671"
"1943-06";"VVP";"5.50098544"
"1943-07";"LD2010100";"19.8015463"
"1943-07";"VVP";"4.2429367"
"1943-08";"LD2010100";"19.76268047"
"1943-08";"VVP";"4.25218101"
"1943-09";"LD2010100";"19.83069568"
"1943-09";"VVP";"4.50384551"
"1943-10";"LD2010100";"19.89871088"
"1943-10";"VVP";"3.79982519"
"1943-11";"LD2010100";"19.91804465"
"1943-11";"VVP";"3.27255342"
"1943-12";"LD2010100";"19.93757672"
"1943-12";"VVP";"2.85617833"
"1944-01";"LD2010100";"19.96662694"
"1944-01";"VVP";"2.39015263"
"1944-02";"LD2010100";"19.99577632"
"1944-02";"VVP";"2.33619014"
"1944-03";"LD2010100";"20.0443586"
"1944-03";"VVP";"2.48238455"
"1944-04";"LD2010100";"20.11227466"
"1944-04";"VVP";"2.22128157"
"1944-05";"LD2010100";"20.15123964"
"1944-05";"VVP";"2.36825272"
"1944-06";"LD2010100";"20.2191557"
"1944-06";"VVP";"2.40997133"
"1944-07";"LD2010100";"20.27745445"
"1944-07";"VVP";"2.40338878"
"1944-08";"LD2010100";"20.19972278"
"1944-08";"VVP";"2.2114526"
"1944-09";"LD2010100";"20.19972278"
"1944-09";"VVP";"1.86088835"
"1944-10";"LD2010100";"20.2191557"
"1944-10";"VVP";"1.61037977"
"1944-11";"LD2010100";"20.2191557"
"1944-11";"VVP";"1.51175004"
"1944-12";"LD2010100";"20.2191557"
"1944-12";"VVP";"1.41230295"
"1945-01";"LD2010100";"20.24830507"
"1945-01";"VVP";"1.4107447"
"1945-02";"LD2010100";"20.26763884"
"1945-02";"VVP";"1.35959976"
"1945-03";"LD2010100";"20.27745445"
"1945-03";"VVP";"1.16289998"
"1945-04";"LD2010100";"20.32593759"
"1945-04";"VVP";"1.06235088"
"1945-05";"LD2010100";"20.35508696"
"1945-05";"VVP";"1.011587"
"1945-06";"LD2010100";"20.42310217"
"1945-06";"VVP";"1.00867945"
"1945-07";"LD2010100";"20.44253508"
"1945-07";"VVP";"0.81410927"
"1945-08";"LD2010100";"20.39395279"
"1945-08";"VVP";"0.9615479"
"1945-09";"LD2010100";"20.36480342"
"1945-09";"VVP";"0.81724209"
"1945-10";"LD2010100";"20.22887216"
"1945-10";"VVP";"0.04805571"
"1945-11";"LD2010100";"20.07350798"
"1945-11";"VVP";"-0.72034522"
"1945-12";"LD2010100";"20.07350798"
"1945-12";"VVP";"-0.72034522"
"1946-01";"LD2010100";"20.08312529"
"1946-01";"VVP";"-0.81577092"
"1946-02";"LD2010100";"19.99577632"
"1946-02";"VVP";"-1.34136259"
"1946-03";"LD2010100";"19.89871088"
"1946-03";"VVP";"-1.86780626"
"1946-04";"LD2010100";"19.91804465"
"1946-04";"VVP";"-2.00676074"
"1946-05";"LD2010100";"20.0443586"
"1946-05";"VVP";"-1.52653908"
"1946-06";"LD2010100";"20.13170758"
"1946-06";"VVP";"-1.42678907"
"1946-07";"LD2010100";"20.11227466"
"1946-07";"VVP";"-1.61555511"
"1946-08";"LD2010100";"20.12209027"
"1946-08";"VVP";"-1.3330546"
"1946-09";"LD2010100";"20.13170758"
"1946-09";"VVP";"-1.14460148"
"1946-10";"LD2010100";"20.53960051"
"1946-10";"VVP";"1.53606368"
"1946-11";"LD2010100";"20.56874989"
"1946-11";"VVP";"2.46714182"
"1946-12";"LD2010100";"20.5881828"
"1946-12";"VVP";"2.56395059"
"1947-01";"LD2010100";"20.61723303"
"1947-01";"VVP";"2.65948518"
"1947-02";"LD2010100";"20.60761572"
"1947-02";"VVP";"3.05984321"
"1947-03";"LD2010100";"20.61723303"
"1947-03";"VVP";"3.61089797"
"1947-04";"LD2010100";"20.70468115"
"1947-04";"VVP";"3.94936608"
"1947-05";"LD2010100";"20.99607574"
"1947-05";"VVP";"4.74805483"
"1947-06";"LD2010100";"21.11257409"
"1947-06";"VVP";"4.87224696"
"1947-07";"LD2010100";"21.11257409"
"1947-07";"VVP";"4.97357679"
"1947-08";"LD2010100";"21.12238969"
"1947-08";"VVP";"4.97115067"
"1947-09";"LD2010100";"21.15134077"
"1947-09";"VVP";"5.06481226"
"1947-10";"LD2010100";"21.62734806"
"1947-10";"VVP";"5.29585542"
"1947-11";"LD2010100";"21.65649744"
"1947-11";"VVP";"5.2883503"
"1947-12";"LD2010100";"21.68564681"
"1947-12";"VVP";"5.33055304"
"1948-01";"LD2010100";"21.71469703"
"1948-01";"VVP";"5.32304215"
"1948-02";"LD2010100";"21.70141127"
"1948-02";"VVP";"5.30772488"
"1948-03";"LD2010100";"21.6480699"
"1948-03";"VVP";"4.99987978"
"1948-04";"LD2010100";"21.6480699"
"1948-04";"VVP";"4.55640315"
"1948-05";"LD2010100";"21.66135566"
"1948-05";"VVP";"3.16859175"
"1948-06";"LD2010100";"21.71469703"
"1948-06";"VVP";"2.85196369"
"1948-07";"LD2010100";"21.6480699"
"1948-07";"VVP";"2.53638332"
"1948-08";"LD2010100";"21.62139921"
"1948-08";"VVP";"2.36246714"
"1948-09";"LD2010100";"21.66135566"
"1948-09";"VVP";"2.41126507"
"1948-10";"LD2010100";"21.67474058"
"1948-10";"VVP";"0.21913236"
"1948-11";"LD2010100";"21.96782068"
"1948-11";"VVP";"1.43755122"
"1948-12";"LD2010100";"21.80799486"
"1948-12";"VVP";"0.56418908"
"1949-01";"LD2010100";"21.7279828"
"1949-01";"VVP";"0.0611833"
"1949-02";"LD2010100";"21.6480699"
"1949-02";"VVP";"-0.24579678"
"1949-03";"LD2010100";"21.55487122"
"1949-03";"VVP";"-0.43051726"
"1949-04";"LD2010100";"21.47485916"
"1949-04";"VVP";"-0.80012091"
"1949-05";"LD2010100";"21.50162899"
"1949-05";"VVP";"-0.73738076"
"1949-06";"LD2010100";"21.55487122"
"1949-06";"VVP";"-0.73602601"
"1949-07";"LD2010100";"21.48824408"
"1949-07";"VVP";"-0.7382913"
"1949-08";"LD2010100";"21.50162899"
"1949-08";"VVP";"-0.55394295"
"1949-09";"LD2010100";"21.55487122"
"1949-09";"VVP";"-0.49158718"
"1949-10";"LD2010100";"21.48824408"
"1949-10";"VVP";"-0.86043246"
"1949-11";"LD2010100";"21.44828762"
"1949-11";"VVP";"-2.36497312"
"1949-12";"LD2010100";"21.3950454"
"1949-12";"VVP";"-1.89356914"
"1950-01";"LD2010100";"21.16849329"
"1950-01";"VVP";"-2.57497216"
"1950-02";"LD2010100";"21.08848124"
"1950-02";"VVP";"-2.58493556"
"1950-03";"LD2010100";"21.04862393"
"1950-03";"VVP";"-2.34864445"
"1950-04";"LD2010100";"20.98199679"
"1950-04";"VVP";"-2.29506683"
"1950-05";"LD2010100";"21.07529462"
"1950-05";"VVP";"-1.98280036"
"1950-06";"LD2010100";"21.10186615"
"1950-06";"VVP";"-2.1016366"
"1950-07";"LD2010100";"21.10186615"
"1950-07";"VVP";"-1.79808979"
"1950-08";"LD2010100";"21.23512043"
"1950-08";"VVP";"-1.23948078"
"1950-09";"LD2010100";"21.31503334"
"1950-09";"VVP";"-1.11268526"
"1950-10";"LD2010100";"21.42161694"
"1950-10";"VVP";"-0.31006321"
"1950-11";"LD2010100";"21.43500185"
"1950-11";"VVP";"-0.06194326"
"1950-12";"LD2010100";"21.42161694"
"1950-12";"VVP";"0.12419482"
"1951-01";"LD2010100";"21.62139921"
"1951-01";"VVP";"2.13952835"
"1951-02";"LD2010100";"21.68802635"
"1951-02";"VVP";"2.84299805"
"1951-03";"LD2010100";"21.67474058"
"1951-03";"VVP";"2.97462034"
"1951-04";"LD2010100";"21.91457845"
"1951-04";"VVP";"4.44467546"
"1951-05";"LD2010100";"22.12774564"
"1951-05";"VVP";"4.99376661"
"1951-06";"LD2010100";"22.1677021"
"1951-06";"VVP";"5.05090846"
"1951-07";"LD2010100";"22.28747231"
"1951-07";"VVP";"5.61848961"
"1951-08";"LD2010100";"22.42072659"
"1951-08";"VVP";"5.58323256"
"1951-09";"LD2010100";"22.48745288"
"1951-09";"VVP";"5.50043492"
"1951-10";"LD2010100";"22.63389378"
"1951-10";"VVP";"5.65912857"
"1951-11";"LD2010100";"22.75376314"
"1951-11";"VVP";"6.15237311"
"1951-12";"LD2010100";"22.78043383"
"1951-12";"VVP";"6.34320414"
"1952-01";"LD2010100";"22.71380669"
"1952-01";"VVP";"5.05243657"
"1952-02";"LD2010100";"22.75376314"
"1952-02";"VVP";"4.91394089"
"1952-03";"LD2010100";"22.75376314"
"1952-03";"VVP";"4.97824904"
"1952-04";"LD2010100";"22.66056447"
"1952-04";"VVP";"3.4040628"
"1952-05";"LD2010100";"22.75376314"
"1952-05";"VVP";"2.82910655"
"1952-06";"LD2010100";"22.82039028"
"1952-06";"VVP";"2.94432045"
"1952-07";"LD2010100";"22.76714806"
"1952-07";"VVP";"2.1522214"
"1952-08";"LD2010100";"22.82039028"
"1952-08";"VVP";"1.78256351"
"1952-09";"LD2010100";"22.86034674"
"1952-09";"VVP";"1.65823075"
"1952-10";"LD2010100";"22.79381875"
"1952-10";"VVP";"0.70657292"
"1952-11";"LD2010100";"22.80700537"
"1952-11";"VVP";"0.23399305"
"1952-12";"LD2010100";"22.78043383"
"1952-12";"VVP";"0"
"1953-01";"LD2010100";"22.63389378"
"1953-01";"VVP";"-0.35182526"
"1953-02";"LD2010100";"22.58065156"
"1953-02";"VVP";"-0.7608042"
"1953-03";"LD2010100";"22.55398087"
"1953-03";"VVP";"-0.8780186"
"1953-04";"LD2010100";"22.48745288"
"1953-04";"VVP";"-0.76393325"
"1953-05";"LD2010100";"22.58065156"
"1953-05";"VVP";"-0.7608042"
"1953-06";"LD2010100";"22.6072231"
"1953-06";"VVP";"-0.93410843"
"1953-07";"LD2010100";"22.58065156"
"1953-07";"VVP";"-0.81914741"
"1953-08";"LD2010100";"22.6072231"
"1953-08";"VVP";"-0.93410843"
"1953-09";"LD2010100";"22.67385024"
"1953-09";"VVP";"-0.81580785"
"1953-10";"LD2010100";"22.70042177"
"1953-10";"VVP";"-0.40974693"
"1953-11";"LD2010100";"22.70042177"
"1953-11";"VVP";"-0.46732832"
"1953-12";"LD2010100";"22.66056447"
"1953-12";"VVP";"-0.52619438"
"1954-01";"LD2010100";"22.62060801"
"1954-01";"VVP";"-0.05869856"
"1954-02";"LD2010100";"22.58065156"
"1954-02";"VVP";"0"
"1954-03";"LD2010100";"22.56726664"
"1954-03";"VVP";"0.05890654"
"1954-04";"LD2010100";"22.59403647"
"1954-04";"VVP";"0.47396917"
"1954-05";"LD2010100";"22.66056447"
"1954-05";"VVP";"0.35389992"
"1954-06";"LD2010100";"22.71380669"
"1954-06";"VVP";"0.47145814"
"1954-07";"LD2010100";"22.78043383"
"1954-07";"VVP";"0.88474981"
"1954-08";"LD2010100";"22.87373166"
"1954-08";"VVP";"1.17886464"
"1954-09";"LD2010100";"22.91358896"
"1954-09";"VVP";"1.05733576"
"1954-10";"LD2010100";"22.98031525"
"1954-10";"VVP";"1.232988"
"1954-11";"LD2010100";"23.04694239"
"1954-11";"VVP";"1.52649417"
"1954-12";"LD2010100";"23.03355747"
"1954-12";"VVP";"1.64600051"
"1955-01";"LD2010100";"22.96693033"
"1955-01";"VVP";"1.53100359"
"1955-02";"LD2010100";"22.88701742"
"1955-02";"VVP";"1.35676274"
"1955-03";"LD2010100";"22.86034674"
"1955-03";"VVP";"1.29869559"
"1955-04";"LD2010100";"22.87373166"
"1955-04";"VVP";"1.23791595"
"1955-05";"LD2010100";"22.95364456"
"1955-05";"VVP";"1.29334862"
"1955-06";"LD2010100";"22.95364456"
"1955-06";"VVP";"1.05591228"
"1955-07";"LD2010100";"22.96693033"
"1955-07";"VVP";"0.81866967"
"1955-08";"LD2010100";"23.02017256"
"1955-08";"VVP";"0.6402143"
"1955-09";"LD2010100";"23.06022816"
"1955-09";"VVP";"0.63996608"
"1955-10";"LD2010100";"23.10018461"
"1955-10";"VVP";"0.52161758"
"1955-11";"LD2010100";"23.12675615"
"1955-11";"VVP";"0.34630954"
"1955-12";"LD2010100";"23.12675615"
"1955-12";"VVP";"0.40462129"
"1956-01";"LD2010100";"22.99360102"
"1956-01";"VVP";"0.11612647"
"1956-02";"LD2010100";"23.04694239"
"1956-02";"VVP";"0.69875844"
"1956-03";"LD2010100";"23.11356953"
"1956-03";"VVP";"1.10769444"
"1956-04";"LD2010100";"23.07351393"
"1956-04";"VVP";"0.87341355"
"1956-05";"LD2010100";"23.3133518"
"1956-05";"VVP";"1.56710293"
"1956-06";"LD2010100";"23.36669317"
"1956-06";"VVP";"1.7994903"
"1956-07";"LD2010100";"23.39326471"
"1956-07";"VVP";"1.85629673"
"1956-08";"LD2010100";"23.47317762"
"1956-08";"VVP";"1.96786128"
"1956-09";"LD2010100";"23.51313407"
"1956-09";"VVP";"1.96401316"
"1956-10";"LD2010100";"23.53980476"
"1956-10";"VVP";"1.90310231"
"1956-11";"LD2010100";"23.6064319"
"1956-11";"VVP";"2.07411599"
"1956-12";"LD2010100";"23.63310258"
"1956-12";"VVP";"2.18943993"
"1957-01";"LD2010100";"23.59304698"
"1957-01";"VVP";"2.60701211"
"1957-02";"LD2010100";"23.55309053"
"1957-02";"VVP";"2.19616177"
"1957-03";"LD2010100";"23.48646339"
"1957-03";"VVP";"1.61331143"
"1957-04";"LD2010100";"23.56647544"
"1957-04";"VVP";"2.1364822"
"1957-05";"LD2010100";"23.71301549"
"1957-05";"VVP";"1.71431245"
"1957-06";"LD2010100";"23.72630126"
"1957-06";"VVP";"1.53897724"
"1957-07";"LD2010100";"23.77964263"
"1957-07";"VVP";"1.65166311"
"1957-08";"LD2010100";"23.91279776"
"1957-08";"VVP";"1.87286167"
"1957-09";"LD2010100";"23.96603999"
"1957-09";"VVP";"1.92618268"
"1957-10";"LD2010100";"24.04605204"
"1957-10";"VVP";"2.15060104"
"1957-11";"LD2010100";"24.11258004"
"1957-11";"VVP";"2.14411115"
"1957-12";"LD2010100";"24.11258004"
"1957-12";"VVP";"2.02883837"
"1958-01";"LD2010100";"24.04605204"
"1958-01";"VVP";"1.92007867"
"1958-02";"LD2010100";"24.04605204"
"1958-02";"VVP";"2.09298018"
"1958-03";"LD2010100";"24.04605204"
"1958-03";"VVP";"2.38260077"
"1958-04";"LD2010100";"24.07262358"
"1958-04";"VVP";"2.14774644"
"1958-05";"LD2010100";"24.272505"
"1958-05";"VVP";"2.35941949"
"1958-06";"LD2010100";"24.29917569"
"1958-06";"VVP";"2.41451215"
"1958-07";"LD2010100";"24.29917569"
"1958-07";"VVP";"2.18478075"
"1958-08";"LD2010100";"24.32574723"
"1958-08";"VVP";"1.72689731"
"1958-09";"LD2010100";"24.36570368"
"1958-09";"VVP";"1.66762507"
"1958-10";"LD2010100";"24.35241791"
"1958-10";"VVP";"1.27407969"
"1958-11";"LD2010100";"24.36570368"
"1958-11";"VVP";"1.04975761"
"1958-12";"LD2010100";"24.32574723"
"1958-12";"VVP";"0.88404969"
"1959-01";"LD2010100";"24.17920718"
"1959-01";"VVP";"0.55375049"
"1959-02";"LD2010100";"24.09939342"
"1959-02";"VVP";"0.22183006"
"1959-03";"LD2010100";"24.05933781"
"1959-03";"VVP";"0.05525135"
"1959-04";"LD2010100";"23.96603999"
"1959-04";"VVP";"-0.44275853"
"1959-05";"LD2010100";"23.99280982"
"1959-05";"VVP";"-1.1523128"
"1959-06";"LD2010100";"23.96603999"
"1959-06";"VVP";"-1.37097531"
"1959-07";"LD2010100";"23.96603999"
"1959-07";"VVP";"-1.37097531"
"1959-08";"LD2010100";"24.04605204"
"1959-08";"VVP";"-1.14979071"
"1959-09";"LD2010100";"24.12596495"
"1959-09";"VVP";"-0.98391875"
"1959-10";"LD2010100";"24.16592141"
"1959-10";"VVP";"-0.76582335"
"1959-11";"LD2010100";"24.19259209"
"1959-11";"VVP";"-0.71047235"
"1959-12";"LD2010100";"24.17920718"
"1959-12";"VVP";"-0.60240718"
"1960-01";"LD2010100";"24.11258004"
"1960-01";"VVP";"-0.27555552"
"1960-02";"LD2010100";"24.23254855"
"1960-02";"VVP";"0.55252483"
"1960-03";"LD2010100";"24.23254855"
"1960-03";"VVP";"0.71993143"
"1960-04";"LD2010100";"24.272505"
"1960-04";"VVP";"1.27874699"
"1960-05";"LD2010100";"24.3790886"
"1960-05";"VVP";"1.60997723"
"1960-06";"LD2010100";"24.40575928"
"1960-06";"VVP";"1.83475991"
"1960-07";"LD2010100";"24.47228727"
"1960-07";"VVP";"2.11235267"
"1960-08";"LD2010100";"24.5255295"
"1960-08";"VVP";"1.99399657"
"1960-09";"LD2010100";"24.59225578"
"1960-09";"VVP";"1.93273443"
"1960-10";"LD2010100";"24.63211309"
"1960-10";"VVP";"1.92912853"
"1960-11";"LD2010100";"24.63211309"
"1960-11";"VVP";"1.8167586"
"1960-12";"LD2010100";"24.60554155"
"1960-12";"VVP";"1.76322728"
"1961-01";"LD2010100";"24.53891441"
"1961-01";"VVP";"1.76809938"
"1961-02";"LD2010100";"24.55229933"
"1961-02";"VVP";"1.31950951"
"1961-03";"LD2010100";"24.55229933"
"1961-03";"VVP";"1.31950951"
"1961-04";"LD2010100";"24.55229933"
"1961-04";"VVP";"1.15272127"
"1961-05";"LD2010100";"24.73869669"
"1961-05";"VVP";"1.47506782"
"1961-06";"LD2010100";"24.77875229"
"1961-06";"VVP";"1.52829913"
"1961-07";"LD2010100";"24.83209366"
"1961-07";"VVP";"1.47026055"
"1961-08";"LD2010100";"24.95186387"
"1961-08";"VVP";"1.73832894"
"1961-09";"LD2010100";"24.99182033"
"1961-09";"VVP";"1.6247576"
"1961-10";"LD2010100";"25.09840392"
"1961-10";"VVP";"1.89302002"
"1961-11";"LD2010100";"25.44482539"
"1961-11";"VVP";"3.29940146"
"1961-12";"LD2010100";"25.47149608"
"1961-12";"VVP";"3.51934755"
"1962-01";"LD2010100";"25.49816676"
"1962-01";"VVP";"3.9091067"
"1962-02";"LD2010100";"25.56469475"
"1962-02";"VVP";"4.12342409"
"1962-03";"LD2010100";"25.60475036"
"1962-03";"VVP";"4.28656808"
"1962-04";"LD2010100";"25.72452057"
"1962-04";"VVP";"4.77438478"
"1962-05";"LD2010100";"25.92440199"
"1962-05";"VVP";"4.79291743"
"1962-06";"LD2010100";"25.99102913"
"1962-06";"VVP";"4.89240471"
"1962-07";"LD2010100";"26.07094204"
"1962-07";"VVP";"4.98890025"
"1962-08";"LD2010100";"26.17752563"
"1962-08";"VVP";"4.91210503"
"1962-09";"LD2010100";"26.16423987"
"1962-09";"VVP";"4.69121305"
"1962-10";"LD2010100";"26.12428341"
"1962-10";"VVP";"4.08742919"
"1962-11";"LD2010100";"26.24415277"
"1962-11";"VVP";"3.1414143"
"1962-12";"LD2010100";"26.297395"
"1962-12";"VVP";"3.2424437"
"1963-01";"LD2010100";"26.37740705"
"1963-01";"VVP";"3.44824905"
"1963-02";"LD2010100";"26.53723287"
"1963-02";"VVP";"3.80422347"
"1963-03";"LD2010100";"26.53723287"
"1963-03";"VVP";"3.64183404"
"1963-04";"LD2010100";"26.57718933"
"1963-04";"VVP";"3.31461475"
"1963-05";"LD2010100";"26.73711429"
"1963-05";"VVP";"3.13493171"
"1963-06";"LD2010100";"26.80374143"
"1963-06";"VVP";"3.12689542"
"1963-07";"LD2010100";"26.85698365"
"1963-07";"VVP";"3.0150104"
"1963-08";"LD2010100";"26.93689656"
"1963-08";"VVP";"2.90085067"
"1963-09";"LD2010100";"27.01680947"
"1963-09";"VVP";"3.25853"
"1963-10";"LD2010100";"27.12329392"
"1963-10";"VVP";"3.82406856"
"1963-11";"LD2010100";"27.28321888"
"1963-11";"VVP";"3.95922901"
"1963-12";"LD2010100";"27.30988957"
"1963-12";"VVP";"3.8501706"
"1964-01";"LD2010100";"27.33646111"
"1964-01";"VVP";"3.63589208"
"1964-02";"LD2010100";"27.37651671"
"1964-02";"VVP";"3.16266523"
"1964-03";"LD2010100";"27.38980248"
"1964-03";"VVP";"3.21272987"
"1964-04";"LD2010100";"27.56301321"
"1964-04";"VVP";"3.70928571"
"1964-05";"LD2010100";"27.70955326"
"1964-05";"VVP";"3.63703786"
"1964-06";"LD2010100";"27.66959681"
"1964-06";"VVP";"3.23035266"
"1964-07";"LD2010100";"27.68298172"
"1964-07";"VVP";"3.07554295"
"1964-08";"LD2010100";"27.74950972"
"1964-08";"VVP";"3.01672893"
"1964-09";"LD2010100";"27.80275194"
"1964-09";"VVP";"2.90908691"
"1964-10";"LD2010100";"27.882764"
"1964-10";"VVP";"2.8000658"
"1964-11";"LD2010100";"27.90933553"
"1964-11";"VVP";"2.29487822"
"1964-12";"LD2010100";"27.94939114"
"1964-12";"VVP";"2.3416483"
"1965-01";"LD2010100";"27.97596267"
"1965-01";"VVP";"2.33937218"
"1965-02";"LD2010100";"28.0692605"
"1965-02";"VVP";"2.53043072"
"1965-03";"LD2010100";"28.08254627"
"1965-03";"VVP";"2.5292033"
"1965-04";"LD2010100";"28.17584409"
"1965-04";"VVP";"2.22338129"
"1965-05";"LD2010100";"28.48220996"
"1965-05";"VVP";"2.78841268"
"1965-06";"LD2010100";"28.58879355"
"1965-06";"VVP";"3.32204604"
"1965-07";"LD2010100";"28.66880561"
"1965-07";"VVP";"3.56111887"
"1965-08";"LD2010100";"28.82863143"
"1965-08";"VVP";"3.8887956"
"1965-09";"LD2010100";"28.90854434"
"1965-09";"VVP";"3.97727678"
"1965-10";"LD2010100";"29.00174301"
"1965-10";"VVP";"4.01315673"
"1965-11";"LD2010100";"29.25486666"
"1965-11";"VVP";"4.82107903"
"1965-12";"LD2010100";"29.3214938"
"1965-12";"VVP";"4.9092399"
"1966-01";"LD2010100";"29.48131961"
"1966-01";"VVP";"5.38089416"
"1966-02";"LD2010100";"29.56133167"
"1966-02";"VVP";"5.31567681"
"1966-03";"LD2010100";"29.60128812"
"1966-03";"VVP";"5.40813444"
"1966-04";"LD2010100";"29.64124458"
"1966-04";"VVP";"5.20091069"
"1966-05";"LD2010100";"30.01423759"
"1966-05";"VVP";"5.3788931"
"1966-06";"LD2010100";"29.97428113"
"1966-06";"VVP";"4.84626109"
"1966-07";"LD2010100";"29.97428113"
"1966-07";"VVP";"4.55364461"
"1966-08";"LD2010100";"30.06757896"
"1966-08";"VVP";"4.29762867"
"1966-09";"LD2010100";"30.09415049"
"1966-09";"VVP";"4.10123092"
"1966-10";"LD2010100";"30.15433304"
"1966-10";"VVP";"3.97420952"
"1966-11";"LD2010100";"30.51542835"
"1966-11";"VVP";"4.3088957"
"1966-12";"LD2010100";"30.6659343"
"1966-12";"VVP";"4.58517056"
"1967-01";"LD2010100";"30.7562577"
"1967-01";"VVP";"4.32456247"
"1967-02";"LD2010100";"30.695976"
"1967-02";"VVP";"3.83827204"
"1967-03";"LD2010100";"30.695976"
"1967-03";"VVP";"3.69810891"
"1967-04";"LD2010100";"30.72621599"
"1967-04";"VVP";"3.66034366"
"1967-05";"LD2010100";"31.0572696"
"1967-05";"VVP";"3.47512412"
"1967-06";"LD2010100";"31.26785895"
"1967-06";"VVP";"4.31562583"
"1967-07";"LD2010100";"31.38822405"
"1967-07";"VVP";"4.71718709"
"1967-08";"LD2010100";"31.50858915"
"1967-08";"VVP";"4.79257142"
"1967-09";"LD2010100";"31.38822405"
"1967-09";"VVP";"4.30008335"
"1967-10";"LD2010100";"31.3580832"
"1967-10";"VVP";"3.99196412"
"1967-11";"LD2010100";"31.6590951"
"1967-11";"VVP";"3.74783123"
"1967-12";"LD2010100";"31.7494185"
"1967-12";"VVP";"3.53318504"
"1968-01";"LD2010100";"31.8095019"
"1968-01";"VVP";"3.42448752"
"1968-02";"LD2010100";"31.86968445"
"1968-02";"VVP";"3.82365576"
"1968-03";"LD2010100";"31.7494185"
"1968-03";"VVP";"3.43185863"
"1968-04";"LD2010100";"31.71927765"
"1968-04";"VVP";"3.23196861"
"1968-05";"LD2010100";"31.8095019"
"1968-05";"VVP";"2.42208126"
"1968-06";"LD2010100";"31.83964275"
"1968-06";"VVP";"1.82866311"
"1968-07";"LD2010100";"31.8095019"
"1968-07";"VVP";"1.34215256"
"1968-08";"LD2010100";"31.8998253"
"1968-08";"VVP";"1.24168096"
"1968-09";"LD2010100";"31.92996615"
"1968-09";"VVP";"1.7259406"
"1968-10";"LD2010100";"32.05033125"
"1968-10";"VVP";"2.20755856"
"1968-11";"LD2010100";"32.351244"
"1968-11";"VVP";"2.18625612"
"1968-12";"LD2010100";"32.4415674"
"1968-12";"VVP";"2.18003647"
"1969-01";"LD2010100";"32.53179166"
"1969-01";"VVP";"2.27067294"
"1969-02";"LD2010100";"32.59197421"
"1969-02";"VVP";"2.26638501"
"1969-03";"LD2010100";"32.53179166"
"1969-03";"VVP";"2.46421255"
"1969-04";"LD2010100";"32.4716091"
"1969-04";"VVP";"2.37184296"
"1969-05";"LD2010100";"32.62211505"
"1969-05";"VVP";"2.55462394"
"1969-06";"LD2010100";"32.77252186"
"1969-06";"VVP";"2.92992956"
"1969-07";"LD2010100";"32.77252186"
"1969-07";"VVP";"3.02746003"
"1969-08";"LD2010100";"32.71233931"
"1969-08";"VVP";"2.54707979"
"1969-09";"LD2010100";"32.74248016"
"1969-09";"VVP";"2.54467543"
"1969-10";"LD2010100";"32.80266271"
"1969-10";"VVP";"2.34734377"
"1969-11";"LD2010100";"33.07353376"
"1969-11";"VVP";"2.23264908"
"1969-12";"LD2010100";"33.19379971"
"1969-12";"VVP";"2.31872985"
"1970-01";"LD2010100";"33.28412311"
"1970-01";"VVP";"2.31260381"
"1970-02";"LD2010100";"33.28412311"
"1970-02";"VVP";"2.12367897"
"1970-03";"LD2010100";"33.34430566"
"1970-03";"VVP";"2.49759993"
"1970-04";"LD2010100";"33.31426396"
"1970-04";"VVP";"2.59505111"
"1970-05";"LD2010100";"33.64531756"
"1970-05";"VVP";"3.13653024"
"1970-06";"LD2010100";"33.79572436"
"1970-06";"VVP";"3.1221354"
"1970-07";"LD2010100";"33.88594861"
"1970-07";"VVP";"3.39743997"
"1970-08";"LD2010100";"34.00641286"
"1970-08";"VVP";"3.95591872"
"1970-09";"LD2010100";"34.21700221"
"1970-09";"VVP";"4.50339147"
"1970-10";"LD2010100";"34.39754987"
"1970-10";"VVP";"4.86206615"
"1970-11";"LD2010100";"34.84906772"
"1970-11";"VVP";"5.36844346"
"1970-12";"LD2010100";"34.99947452"
"1970-12";"VVP";"5.43979546"
"1971-01";"LD2010100";"35.21016302"
"1971-01";"VVP";"5.78666262"
"1971-02";"LD2010100";"35.36066897"
"1971-02";"VVP";"6.23884803"
"1971-03";"LD2010100";"35.57125832"
"1971-03";"VVP";"6.67865957"
"1971-04";"LD2010100";"35.60139917"
"1971-04";"VVP";"6.86533316"
"1971-05";"LD2010100";"35.99263532"
"1971-05";"VVP";"6.9766551"
"1971-06";"LD2010100";"36.02267702"
"1971-06";"VVP";"6.58945089"
"1971-07";"LD2010100";"36.17318297"
"1971-07";"VVP";"6.74980177"
"1971-08";"LD2010100";"36.23336552"
"1971-08";"VVP";"6.54862561"
"1971-09";"LD2010100";"36.50423657"
"1971-09";"VVP";"6.68449663"
"1971-10";"LD2010100";"36.65474252"
"1971-10";"VVP";"6.56207395"
"1971-11";"LD2010100";"37.13620293"
"1971-11";"VVP";"6.56297388"
"1971-12";"LD2010100";"37.31675058"
"1971-12";"VVP";"6.62088815"
"1972-01";"LD2010100";"37.55748078"
"1972-01";"VVP";"6.66659158"
"1972-02";"LD2010100";"37.73802843"
"1972-02";"VVP";"6.72317446"
"1972-03";"LD2010100";"37.82835183"
"1972-03";"VVP";"6.34527317"
"1972-04";"LD2010100";"37.85849268"
"1972-04";"VVP";"6.33990113"
"1972-05";"LD2010100";"38.24962968"
"1972-05";"VVP";"6.27071161"
"1972-06";"LD2010100";"38.46041733"
"1972-06";"VVP";"6.76723806"
"1972-07";"LD2010100";"38.49045903"
"1972-07";"VVP";"6.40606071"
"1972-08";"LD2010100";"38.64096498"
"1972-08";"VVP";"6.64470282"
"1972-09";"LD2010100";"38.97201858"
"1972-09";"VVP";"6.76026194"
"1972-10";"LD2010100";"39.33311389"
"1972-10";"VVP";"7.30702545"
"1972-11";"LD2010100";"39.66416749"
"1972-11";"VVP";"6.80727797"
"1972-12";"LD2010100";"39.87475684"
"1972-12";"VVP";"6.85484728"
"1973-01";"LD2010100";"40.32617554"
"1973-01";"VVP";"7.37188625"
"1973-02";"LD2010100";"40.59704659"
"1973-02";"VVP";"7.57596059"
"1973-03";"LD2010100";"40.92800105"
"1973-03";"VVP";"8.19398432"
"1973-04";"LD2010100";"41.01832445"
"1973-04";"VVP";"8.34642782"
"1973-05";"LD2010100";"41.31933635"
"1973-05";"VVP";"8.02545459"
"1973-06";"LD2010100";"41.62014995"
"1973-06";"VVP";"8.21554429"
"1973-07";"LD2010100";"41.68043165"
"1973-07";"VVP";"8.28769699"
"1973-08";"LD2010100";"41.8309376"
"1973-08";"VVP";"8.25541654"
"1973-09";"LD2010100";"42.1920329"
"1973-09";"VVP";"8.26237499"
"1973-10";"LD2010100";"43.06472946"
"1973-10";"VVP";"9.48721116"
"1973-11";"LD2010100";"43.96756686"
"1973-11";"VVP";"10.84958955"
"1973-12";"LD2010100";"44.62967406"
"1973-12";"VVP";"11.92463001"
"1974-01";"LD2010100";"44.99076936"
"1974-01";"VVP";"11.56716143"
"1974-02";"LD2010100";"44.65971576"
"1974-02";"VVP";"10.00730228"
"1974-03";"LD2010100";"44.87040426"
"1974-03";"VVP";"9.63253302"
"1974-04";"LD2010100";"44.59953321"
"1974-04";"VVP";"8.73075343"
"1974-05";"LD2010100";"45.38200552"
"1974-05";"VVP";"9.83236792"
"1974-06";"LD2010100";"45.62273572"
"1974-06";"VVP";"9.61694221"
"1974-07";"LD2010100";"45.77324167"
"1974-07";"VVP";"9.81950008"
"1974-08";"LD2010100";"46.22466037"
"1974-08";"VVP";"10.50352448"
"1974-09";"LD2010100";"46.97699182"
"1974-09";"VVP";"11.34090631"
"1974-10";"LD2010100";"47.27790458"
"1974-10";"VVP";"9.78335444"
"1974-11";"LD2010100";"47.94001178"
"1974-11";"VVP";"9.03494371"
"1974-12";"LD2010100";"48.00019433"
"1974-12";"VVP";"7.55219557"
"1975-01";"LD2010100";"48.27106538"
"1975-01";"VVP";"7.29104228"
"1975-02";"LD2010100";"48.42157133"
"1975-02";"VVP";"8.42337552"
"1975-03";"LD2010100";"48.60211898"
"1975-03";"VVP";"8.31665054"
"1975-04";"LD2010100";"48.72248408"
"1975-04";"VVP";"9.24438121"
"1975-05";"LD2010100";"49.08357938"
"1975-05";"VVP";"8.15647926"
"1975-06";"LD2010100";"49.26412704"
"1975-06";"VVP";"7.98152776"
"1975-07";"LD2010100";"49.17380364"
"1975-07";"VVP";"7.42914822"
"1975-08";"LD2010100";"49.32430959"
"1975-08";"VVP";"6.70561815"
"1975-09";"LD2010100";"49.50485724"
"1975-09";"VVP";"5.38107128"
"1975-10";"LD2010100";"49.56513894"
"1975-10";"VVP";"4.83785053"
"1975-11";"LD2010100";"49.71564489"
"1975-11";"VVP";"3.70386456"
"1975-12";"LD2010100";"49.65536319"
"1975-12";"VVP";"3.44825449"
"1976-01";"LD2010100";"49.92623424"
"1976-01";"VVP";"3.42890476"
"1976-02";"LD2010100";"49.89619254"
"1976-02";"VVP";"3.04538074"
"1976-03";"LD2010100";"49.80586914"
"1976-03";"VVP";"2.47674419"
"1976-04";"LD2010100";"49.80586914"
"1976-04";"VVP";"2.22358337"
"1976-05";"LD2010100";"49.71564489"
"1976-05";"VVP";"1.2877331"
"1976-06";"LD2010100";"49.80586914"
"1976-06";"VVP";"1.09966853"
"1976-07";"LD2010100";"49.89619254"
"1976-07";"VVP";"1.46905231"
"1976-08";"LD2010100";"50.07674019"
"1976-08";"VVP";"1.5254762"
"1976-09";"LD2010100";"49.95637509"
"1976-09";"VVP";"0.91206777"
"1976-10";"LD2010100";"50.07674019"
"1976-10";"VVP";"1.0321796"
"1976-11";"LD2010100";"50.16696444"
"1976-11";"VVP";"0.90780187"
"1976-12";"LD2010100";"50.28732954"
"1976-12";"VVP";"1.27270513"
"1977-01";"LD2010100";"50.37755379"
"1977-01";"VVP";"0.90397275"
"1977-02";"LD2010100";"50.40779379"
"1977-02";"VVP";"1.02533125"
"1977-03";"LD2010100";"50.31747039"
"1977-03";"VVP";"1.02719069"
"1977-04";"LD2010100";"50.37755379"
"1977-04";"VVP";"1.14782588"
"1977-05";"LD2010100";"50.34751209"
"1977-05";"VVP";"1.27096251"
"1977-06";"LD2010100";"50.67856569"
"1977-06";"VVP";"1.75219622"
"1977-07";"LD2010100";"50.70860739"
"1977-07";"VVP";"1.62821012"
"1977-08";"LD2010100";"50.70860739"
"1977-08";"VVP";"1.2617978"
"1977-09";"LD2010100";"50.73884739"
"1977-09";"VVP";"1.56631121"
"1977-10";"LD2010100";"50.85038836"
"1977-10";"VVP";"1.54492519"
"1977-11";"LD2010100";"50.8047805"
"1977-11";"VVP";"1.27138659"
"1977-12";"LD2010100";"50.86565708"
"1977-12";"VVP";"1.15004623"
"1978-01";"LD2010100";"50.89103885"
"1978-01";"VVP";"1.0192735"
"1978-02";"LD2010100";"50.94675976"
"1978-02";"VVP";"1.06921158"
"1978-03";"LD2010100";"51.00257982"
"1978-03";"VVP";"1.36157367"
"1978-04";"LD2010100";"51.09389469"
"1978-04";"VVP";"1.42194459"
"1978-05";"LD2010100";"51.16498347"
"1978-05";"VVP";"1.62365795"
"1978-06";"LD2010100";"51.25124182"
"1978-06";"VVP";"1.13001645"
"1978-07";"LD2010100";"51.26641139"
"1978-07";"VVP";"1.10001838"
"1978-08";"LD2010100";"51.28683579"
"1978-08";"VVP";"1.14029634"
"1978-09";"LD2010100";"51.15992695"
"1978-09";"VVP";"0.82989579"
"1978-10";"LD2010100";"51.05849903"
"1978-10";"VVP";"0.40926072"
"1978-11";"LD2010100";"51.12433298"
"1978-11";"VVP";"0.62898114"
"1978-12";"LD2010100";"51.23607225"
"1978-12";"VVP";"0.72822252"
"1979-01";"LD2010100";"51.42881505"
"1979-01";"VVP";"1.05672081"
"1979-02";"LD2010100";"51.99197302"
"1979-02";"VVP";"2.05157946"
"1979-03";"LD2010100";"52.27107331"
"1979-03";"VVP";"2.48711633"
"1979-04";"LD2010100";"52.4080952"
"1979-04";"VVP";"2.57212826"
"1979-05";"LD2010100";"52.59072495"
"1979-05";"VVP";"2.78655709"
"1979-06";"LD2010100";"53.33145614"
"1979-06";"VVP";"4.05885642"
"1979-07";"LD2010100";"53.45836498"
"1979-07";"VVP";"4.27561345"
"1979-08";"LD2010100";"53.35683791"
"1979-08";"VVP";"4.03612758"
"1979-09";"LD2010100";"53.61561296"
"1979-09";"VVP";"4.8000186"
"1979-10";"LD2010100";"53.59033034"
"1979-10";"VVP";"4.95868731"
"1979-11";"LD2010100";"53.79328533"
"1979-11";"VVP";"5.2205128"
"1979-12";"LD2010100";"53.89471326"
"1979-12";"VVP";"5.18900237"
"1980-01";"LD2010100";"54.05701776"
"1980-01";"VVP";"5.11036996"
"1980-02";"LD2010100";"54.13316306"
"1980-02";"VVP";"4.11830889"
"1980-03";"LD2010100";"54.30062324"
"1980-03";"VVP";"3.88274011"
"1980-04";"LD2010100";"54.5491861"
"1980-04";"VVP";"4.08542019"
"1980-05";"LD2010100";"54.87389426"
"1980-05";"VVP";"4.34139159"
"1980-06";"LD2010100";"55.06683535"
"1980-06";"VVP";"3.25395055"
"1980-07";"LD2010100";"55.24440858"
"1980-07";"VVP";"3.3409993"
"1980-08";"LD2010100";"55.61482375"
"1980-08";"VVP";"4.23185842"
"1980-09";"LD2010100";"55.64020551"
"1980-09";"VVP";"3.77612498"
"1980-10";"LD2010100";"55.53867844"
"1980-10";"VVP";"3.63563369"
"1980-11";"LD2010100";"56.07139812"
"1980-11";"VVP";"4.23493894"
"1980-12";"LD2010100";"56.26424006"
"1980-12";"VVP";"4.39658487"
"1981-01";"LD2010100";"56.81222846"
"1981-01";"VVP";"5.09686034"
"1981-02";"LD2010100";"57.36527338"
"1981-02";"VVP";"5.97066591"
"1981-03";"LD2010100";"57.75085812"
"1981-03";"VVP";"6.35395079"
"1981-04";"LD2010100";"57.62404843"
"1981-04";"VVP";"5.63686198"
"1981-05";"LD2010100";"58.15676811"
"1981-05";"VVP";"5.98257859"
"1981-06";"LD2010100";"58.52718328"
"1981-06";"VVP";"6.28390556"
"1981-07";"LD2010100";"58.8772732"
"1981-07";"VVP";"6.5759861"
"1981-08";"LD2010100";"59.75502628"
"1981-08";"VVP";"7.44442266"
"1981-09";"LD2010100";"59.80063415"
"1981-09";"VVP";"7.47737827"
"1981-10";"LD2010100";"59.5977783"
"1981-10";"VVP";"7.30860001"
"1981-11";"LD2010100";"59.99853262"
"1981-11";"VVP";"7.00381055"
"1981-12";"LD2010100";"59.98841957"
"1981-12";"VVP";"6.6190879"
"1982-01";"LD2010100";"60.28268944"
"1982-01";"VVP";"6.10865138"
"1982-02";"LD2010100";"60.37915998"
"1982-02";"VVP";"5.25385207"
"1982-03";"LD2010100";"60.48574358"
"1982-03";"VVP";"4.73566202"
"1982-04";"LD2010100";"60.82562131"
"1982-04";"VVP";"5.55596659"
"1982-05";"LD2010100";"61.61215866"
"1982-05";"VVP";"5.94151062"
"1982-06";"LD2010100";"62.15499138"
"1982-06";"VVP";"6.19850111"
"1982-07";"LD2010100";"62.38838467"
"1982-07";"VVP";"5.96344102"
"1982-08";"LD2010100";"62.87043996"
"1982-08";"VVP";"5.21364288"
"1982-09";"LD2010100";"63.11394629"
"1982-09";"VVP";"5.540597"
"1982-10";"LD2010100";"63.27129342"
"1982-10";"VVP";"6.16384574"
"1982-11";"LD2010100";"63.44886664"
"1982-11";"VVP";"5.75069735"
"1982-12";"LD2010100";"63.26108122"
"1982-12";"VVP";"5.45548904"
"1983-01";"LD2010100";"63.16659363"
"1983-01";"VVP";"4.78396737"
"1983-02";"LD2010100";"63.2539426"
"1983-02";"VVP";"4.76121665"
"1983-03";"LD2010100";"63.37460514"
"1983-03";"VVP";"4.77610326"
"1983-04";"LD2010100";"63.57280106"
"1983-04";"VVP";"4.51648448"
"1983-05";"LD2010100";"63.62723305"
"1983-05";"VVP";"3.27057911"
"1983-06";"LD2010100";"63.89007315"
"1983-06";"VVP";"2.79154052"
"1983-07";"LD2010100";"63.76554385"
"1983-07";"VVP";"2.20739677"
"1983-08";"LD2010100";"63.93736652"
"1983-08";"VVP";"1.69702418"
"1983-09";"LD2010100";"64.0165854"
"1983-09";"VVP";"1.43017378"
"1983-10";"LD2010100";"64.16996663"
"1983-10";"VVP";"1.42034904"
"1983-11";"LD2010100";"64.5764715"
"1983-11";"VVP";"1.77718675"
"1983-12";"LD2010100";"64.6125612"
"1983-12";"VVP";"2.13635295"
"1984-01";"LD2010100";"64.84466557"
"1984-01";"VVP";"2.65658134"
"1984-02";"LD2010100";"65.07875288"
"1984-02";"VVP";"2.88489572"
"1984-03";"LD2010100";"65.50191454"
"1984-03";"VVP";"3.35672213"
"1984-04";"LD2010100";"65.59838509"
"1984-04";"VVP";"3.18624317"
"1984-05";"LD2010100";"65.46205723"
"1984-05";"VVP";"2.8837089"
"1984-06";"LD2010100";"65.67274573"
"1984-06";"VVP";"2.79021841"
"1984-07";"LD2010100";"65.55664398"
"1984-07";"VVP";"2.80888394"
"1984-08";"LD2010100";"65.78924408"
"1984-08";"VVP";"2.89639323"
"1984-09";"LD2010100";"65.74899018"
"1984-09";"VVP";"2.70618118"
"1984-10";"LD2010100";"66.16481492"
"1984-10";"VVP";"3.10869461"
"1984-11";"LD2010100";"66.51024491"
"1984-11";"VVP";"2.99454797"
"1984-12";"LD2010100";"66.4889282"
"1984-12";"VVP";"2.9040282"
"1985-01";"LD2010100";"67.1389394"
"1985-01";"VVP";"3.53810728"
"1985-02";"LD2010100";"67.6865312"
"1985-02";"VVP";"4.0071117"
"1985-03";"LD2010100";"68.06309352"
"1985-03";"VVP";"3.91008263"
"1985-04";"LD2010100";"67.98010704"
"1985-04";"VVP";"3.63076309"
"1985-05";"LD2010100";"67.93301196"
"1985-05";"VVP";"3.77463654"
"1985-06";"LD2010100";"67.89940095"
"1985-06";"VVP";"3.39053163"
"1985-07";"LD2010100";"67.75434811"
"1985-07";"VVP";"3.35237438"
"1985-08";"LD2010100";"67.73977343"
"1985-08";"VVP";"2.96481496"
"1985-09";"LD2010100";"67.94867727"
"1985-09";"VVP";"3.34558308"
"1985-10";"LD2010100";"68.11782296"
"1985-10";"VVP";"2.95173203"
"1985-11";"LD2010100";"68.5995808"
"1985-11";"VVP";"3.14137452"
"1985-12";"LD2010100";"68.6419168"
"1985-12";"VVP";"3.23811597"
"1986-01";"LD2010100";"68.61266828"
"1986-01";"VVP";"2.19504343"
"1986-02";"LD2010100";"68.59591235"
"1986-02";"VVP";"1.34351861"
"1986-03";"LD2010100";"68.68048519"
"1986-03";"VVP";"0.90708728"
"1986-04";"LD2010100";"68.64280913"
"1986-04";"VVP";"0.97484708"
"1986-05";"LD2010100";"68.43360784"
"1986-05";"VVP";"0.73689634"
"1986-06";"LD2010100";"68.41982633"
"1986-06";"VVP";"0.76646535"
"1986-07";"LD2010100";"68.09660539"
"1986-07";"VVP";"0.50514437"
"1986-08";"LD2010100";"68.22807501"
"1986-08";"VVP";"0.72084915"
"1986-09";"LD2010100";"68.3467546"
"1986-09";"VVP";"0.58585001"
"1986-10";"LD2010100";"68.36351054"
"1986-10";"VVP";"0.36068031"
"1986-11";"LD2010100";"68.53245793"
"1986-11";"VVP";"-0.09784736"
"1986-12";"LD2010100";"68.66947981"
"1986-12";"VVP";"0.04015478"
"1987-01";"LD2010100";"69.06666482"
"1987-01";"VVP";"0.66168034"
"1987-02";"LD2010100";"69.26942151"
"1987-02";"VVP";"0.9818503"
"1987-03";"LD2010100";"69.3661895"
"1987-03";"VVP";"0.9983976"
"1987-04";"LD2010100";"69.45284444"
"1987-04";"VVP";"1.18007309"
"1987-05";"LD2010100";"69.06795373"
"1987-05";"VVP";"0.92695083"
"1987-06";"LD2010100";"69.28845784"
"1987-06";"VVP";"1.26956111"
"1987-07";"LD2010100";"69.30630439"
"1987-07";"VVP";"1.77644539"
"1987-08";"LD2010100";"69.57578738"
"1987-08";"VVP";"1.9753047"
"1987-09";"LD2010100";"69.4104093"
"1987-09";"VVP";"1.55626219"
"1987-10";"LD2010100";"69.71647772"
"1987-10";"VVP";"1.97907799"
"1987-11";"LD2010100";"69.96999796"
"1987-11";"VVP";"2.09760466"
"1987-12";"LD2010100";"69.96513973"
"1987-12";"VVP";"1.88680607"
"1988-01";"LD2010100";"70.14380358"
"1988-01";"VVP";"1.55956388"
"1988-02";"LD2010100";"70.48655659"
"1988-02";"VVP";"1.75710298"
"1988-03";"LD2010100";"70.64965427"
"1988-03";"VVP";"1.85027429"
"1988-04";"LD2010100";"70.78459406"
"1988-04";"VVP";"1.91748751"
"1988-05";"LD2010100";"70.61277139"
"1988-05";"VVP";"2.23666342"
"1988-06";"LD2010100";"70.72262685"
"1988-06";"VVP";"2.0698527"
"1988-07";"LD2010100";"70.56141297"
"1988-07";"VVP";"1.81095874"
"1988-08";"LD2010100";"70.80759629"
"1988-08";"VVP";"1.77045629"
"1988-09";"LD2010100";"70.82593858"
"1988-09";"VVP";"2.03936167"
"1988-10";"LD2010100";"70.93906591"
"1988-10";"VVP";"1.75365742"
"1988-11";"LD2010100";"71.19962562"
"1988-11";"VVP";"1.75736415"
"1988-12";"LD2010100";"71.32851741"
"1988-12";"VVP";"1.94865283"
"1989-01";"LD2010100";"71.71965441"
"1989-01";"VVP";"2.2466002"
"1989-02";"LD2010100";"72.08015483"
"1989-02";"VVP";"2.26085415"
"1989-03";"LD2010100";"72.27378995"
"1989-03";"VVP";"2.29885864"
"1989-04";"LD2010100";"72.65421902"
"1989-04";"VVP";"2.64128797"
"1989-05";"LD2010100";"72.70428853"
"1989-05";"VVP";"2.96195305"
"1989-06";"LD2010100";"72.82861953"
"1989-06";"VVP";"2.97782021"
"1989-07";"LD2010100";"72.66740565"
"1989-07";"VVP";"2.98462373"
"1989-08";"LD2010100";"72.90873073"
"1989-08";"VVP";"2.96738564"
"1989-09";"LD2010100";"73.22580453"
"1989-09";"VVP";"3.38839979"
"1989-10";"LD2010100";"73.51521617"
"1989-10";"VVP";"3.6314973"
"1989-11";"LD2010100";"74.36381988"
"1989-11";"VVP";"4.44411643"
"1989-12";"LD2010100";"74.9106185"
"1989-12";"VVP";"5.0219761"
"1990-01";"LD2010100";"75.35152757"
"1990-01";"VVP";"5.06398585"
"1990-02";"LD2010100";"75.59582708"
"1990-02";"VVP";"4.87744825"
"1990-03";"LD2010100";"75.85618849"
"1990-03";"VVP";"4.95670497"
"1990-04";"LD2010100";"76.0122467"
"1990-04";"VVP";"4.62193073"
"1990-05";"LD2010100";"76.38196784"
"1990-05";"VVP";"5.05840768"
"1990-06";"LD2010100";"76.48835314"
"1990-06";"VVP";"5.0251311"
"1990-07";"LD2010100";"76.5260292"
"1990-07";"VVP";"5.30997842"
"1990-08";"LD2010100";"77.34409547"
"1990-08";"VVP";"6.08344802"
"1990-09";"LD2010100";"77.71153621"
"1990-09";"VVP";"6.12588924"
"1990-10";"LD2010100";"78.18496567"
"1990-10";"VVP";"6.35208565"
"1990-11";"LD2010100";"78.86719982"
"1990-11";"VVP";"6.05587495"
"1990-12";"LD2010100";"78.86293647"
"1990-12";"VVP";"5.27604504"
"1991-01";"LD2010100";"79.50293378"
"1991-01";"VVP";"5.5093856"
"1991-02";"LD2010100";"80.29323873"
"1991-02";"VVP";"6.21385047"
"1991-03";"LD2010100";"80.30563217"
"1991-03";"VVP";"5.86563044"
"1991-04";"LD2010100";"80.49857327"
"1991-04";"VVP";"5.9021102"
"1991-05";"LD2010100";"81.17793214"
"1991-05";"VVP";"6.27892215"
"1991-06";"LD2010100";"81.51126613"
"1991-06";"VVP";"6.56689913"
"1991-07";"LD2010100";"81.53952318"
"1991-07";"VVP";"6.55135779"
"1991-08";"LD2010100";"81.96367631"
"1991-08";"VVP";"5.97276472"
"1991-09";"LD2010100";"82.12251065"
"1991-09";"VVP";"5.67608705"
"1991-10";"LD2010100";"82.19508665"
"1991-10";"VVP";"5.12901802"
"1991-11";"LD2010100";"83.18249689"
"1991-11";"VVP";"5.4715992"
"1991-12";"LD2010100";"82.98499501"
"1991-12";"VVP";"5.22686413"
"1992-01";"LD2010100";"83.37523969"
"1992-01";"VVP";"4.87064531"
"1992-02";"LD2010100";"83.97032316"
"1992-02";"VVP";"4.5795692"
"1992-03";"LD2010100";"84.21561415"
"1992-03";"VVP";"4.8688764"
"1992-04";"LD2010100";"84.34995905"
"1992-04";"VVP";"4.78441496"
"1992-05";"LD2010100";"84.57224781"
"1992-05";"VVP";"4.18132808"
"1992-06";"LD2010100";"84.90825879"
"1992-06";"VVP";"4.16751305"
"1992-07";"LD2010100";"84.65285475"
"1992-07";"VVP";"3.81818712"
"1992-08";"LD2010100";"84.87425119"
"1992-08";"VVP";"3.55105457"
"1992-09";"LD2010100";"84.9741919"
"1992-09";"VVP";"3.47247207"
"1992-10";"LD2010100";"85.09763057"
"1992-10";"VVP";"3.53128641"
"1992-11";"LD2010100";"85.91619258"
"1992-11";"VVP";"3.2863833"
"1992-12";"LD2010100";"85.82378708"
"1992-12";"VVP";"3.42084984"
"1993-01";"LD2010100";"86.26400211"
"1993-01";"VVP";"3.46477255"
"1993-02";"LD2010100";"86.81764191"
"1993-02";"VVP";"3.39086316"
"1993-03";"LD2010100";"87.27996685"
"1993-03";"VVP";"3.63869898"
"1993-04";"LD2010100";"87.54518649"
"1993-04";"VVP";"3.78806045"
"1993-05";"LD2010100";"87.59664405"
"1993-05";"VVP";"3.57610956"
"1993-06";"LD2010100";"87.57413757"
"1993-06";"VVP";"3.13971669"
"1993-07";"LD2010100";"87.51990387"
"1993-07";"VVP";"3.38683098"
"1993-08";"LD2010100";"87.95139392"
"1993-08";"VVP";"3.62553152"
"1993-09";"LD2010100";"87.89735851"
"1993-09";"VVP";"3.44006403"
"1993-10";"LD2010100";"87.96279588"
"1993-10";"VVP";"3.36691549"
"1993-11";"LD2010100";"87.84441373"
"1993-11";"VVP";"2.24430471"
"1993-12";"LD2010100";"87.95426919"
"1993-12";"VVP";"2.48239117"
"1994-01";"LD2010100";"88.05708518"
"1994-01";"VVP";"2.07859945"
"1994-02";"LD2010100";"88.41451203"
"1994-02";"VVP";"1.83933827"
"1994-03";"LD2010100";"88.41590009"
"1994-03";"VVP";"1.30148222"
"1994-04";"LD2010100";"88.46210284"
"1994-04";"VVP";"1.04736353"
"1994-05";"LD2010100";"87.91302382"
"1994-05";"VVP";"0.36117795"
"1994-06";"LD2010100";"88.05133462"
"1994-06";"VVP";"0.54490638"
"1994-07";"LD2010100";"88.03606591"
"1994-07";"VVP";"0.58976532"
"1994-08";"LD2010100";"88.38179334"
"1994-08";"VVP";"0.48936055"
"1994-09";"LD2010100";"88.4175856"
"1994-09";"VVP";"0.59185748"
"1994-10";"LD2010100";"88.34481131"
"1994-10";"VVP";"0.43429205"
"1994-11";"LD2010100";"88.33846587"
"1994-11";"VVP";"0.56241725"
"1994-12";"LD2010100";"88.32369289"
"1994-12";"VVP";"0.42001792"
"1995-01";"LD2010100";"88.95080101"
"1995-01";"VVP";"1.01492779"
"1995-02";"LD2010100";"89.74378295"
"1995-02";"VVP";"1.50345333"
"1995-03";"LD2010100";"89.79880983"
"1995-03";"VVP";"1.56409621"
"1995-04";"LD2010100";"89.87436025"
"1995-04";"VVP";"1.59645471"
"1995-05";"LD2010100";"89.70501627"
"1995-05";"VVP";"2.03836971"
"1995-06";"LD2010100";"89.88308523"
"1995-06";"VVP";"2.08032123"
"1995-07";"LD2010100";"89.82250609"
"1995-07";"VVP";"2.02921401"
"1995-08";"LD2010100";"90.1070595"
"1995-08";"VVP";"1.9520606"
"1995-09";"LD2010100";"90.18419628"
"1995-09";"VVP";"1.9980309"
"1995-10";"LD2010100";"90.08633767"
"1995-10";"VVP";"1.97128312"
"1995-11";"LD2010100";"90.01921479"
"1995-11";"VVP";"1.90262408"
"1995-12";"LD2010100";"90.04429912"
"1995-12";"VVP";"1.94806871"
"1996-01";"LD2010100";"90.30138866"
"1996-01";"VVP";"1.51835355"
"1996-02";"LD2010100";"90.44594576"
"1996-02";"VVP";"0.7824083"
"1996-03";"LD2010100";"90.60577158"
"1996-03";"VVP";"0.898633"
"1996-04";"LD2010100";"90.69341799"
"1996-04";"VVP";"0.91133638"
"1996-05";"LD2010100";"90.36226524"
"1996-05";"VVP";"0.73267806"
"1996-06";"LD2010100";"90.53854955"
"1996-06";"VVP";"0.72924101"
"1996-07";"LD2010100";"90.4120373"
"1996-07";"VVP";"0.65632906"
"1996-08";"LD2010100";"90.64572803"
"1996-08";"VVP";"0.59780946"
"1996-09";"LD2010100";"90.69867281"
"1996-09";"VVP";"0.57047305"
"1996-10";"LD2010100";"90.84313076"
"1996-10";"VVP";"0.84007532"
"1996-11";"LD2010100";"90.67606717"
"1996-11";"VVP";"0.7296802"
"1996-12";"LD2010100";"90.74784999"
"1996-12";"VVP";"0.7813386"
"1997-01";"LD2010100";"91.05094398"
"1997-01";"VVP";"0.83005958"
"1997-02";"LD2010100";"91.21057151"
"1997-02";"VVP";"0.84539527"
"1997-03";"LD2010100";"91.07930018"
"1997-03";"VVP";"0.52262521"
"1997-04";"LD2010100";"91.16704574"
"1997-04";"VVP";"0.52222946"
"1997-05";"LD2010100";"90.88338466"
"1997-05";"VVP";"0.57670026"
"1997-06";"LD2010100";"90.97469953"
"1997-06";"VVP";"0.48172848"
"1997-07";"LD2010100";"90.8757503"
"1997-07";"VVP";"0.51288856"
"1997-08";"LD2010100";"91.07583001"
"1997-08";"VVP";"0.47448677"
"1997-09";"LD2010100";"91.07414451"
"1997-09";"VVP";"0.41397705"
"1997-10";"LD2010100";"91.08098569"
"1997-10";"VVP";"0.26183039"
"1997-11";"LD2010100";"91.05401756"
"1997-11";"VVP";"0.41681382"
"1997-12";"LD2010100";"91.0983365"
"1997-12";"VVP";"0.38622019"
"1998-01";"LD2010100";"91.06492379"
"1998-01";"VVP";"0.01535382"
"1998-02";"LD2010100";"91.1767622"
"1998-02";"VVP";"-0.03706731"
"1998-03";"LD2010100";"91.10944103"
"1998-03";"VVP";"0.03309297"
"1998-04";"LD2010100";"91.14642305"
"1998-04";"VVP";"-0.02262077"
"1998-05";"LD2010100";"90.95824104"
"1998-05";"VVP";"0.08236531"
"1998-06";"LD2010100";"91.06651015"
"1998-06";"VVP";"0.10091884"
"1998-07";"LD2010100";"90.9439638"
"1998-07";"VVP";"0.07506238"
"1998-08";"LD2010100";"91.20313544"
"1998-08";"VVP";"0.1397796"
"1998-09";"LD2010100";"91.13036115"
"1998-09";"VVP";"0.06172624"
"1998-10";"LD2010100";"91.11211801"
"1998-10";"VVP";"0.03418093"
"1998-11";"LD2010100";"90.96438819"
"1998-11";"VVP";"-0.09843538"
"1998-12";"LD2010100";"90.94495527"
"1998-12";"VVP";"-0.16836886"
"1999-01";"LD2010100";"91.13145178"
"1999-01";"VVP";"0.07305556"
"1999-02";"LD2010100";"91.43930486"
"1999-02";"VVP";"0.28794909"
"1999-03";"LD2010100";"91.53498222"
"1999-03";"VVP";"0.46706597"
"1999-04";"LD2010100";"91.68776857"
"1999-04";"VVP";"0.59392952"
"1999-05";"LD2010100";"91.48193829"
"1999-05";"VVP";"0.57575569"
"1999-06";"LD2010100";"91.58931507"
"1999-06";"VVP";"0.57409131"
"1999-07";"LD2010100";"91.61241644"
"1999-07";"VVP";"0.73501596"
"1999-08";"LD2010100";"92.0658181"
"1999-08";"VVP";"0.94589144"
"1999-09";"LD2010100";"92.23982201"
"1999-09";"VVP";"1.21744372"
"1999-10";"LD2010100";"92.23883054"
"1999-10";"VVP";"1.23662203"
"1999-11";"LD2010100";"92.15088668"
"1999-11";"VVP";"1.30435493"
"1999-12";"LD2010100";"92.46191248"
"1999-12";"VVP";"1.66799488"
"2000-01";"LD2010100";"92.57613043"
"2000-01";"VVP";"1.585269"
"2000-02";"LD2010100";"92.92413826"
"2000-02";"VVP";"1.6238459"
"2000-03";"LD2010100";"92.8923119"
"2000-03";"VVP";"1.48285349"
"2000-04";"LD2010100";"92.97351373"
"2000-04";"VVP";"1.40230827"
"2000-05";"LD2010100";"92.92780672"
"2000-05";"VVP";"1.58049605"
"2000-06";"LD2010100";"93.27373245"
"2000-06";"VVP";"1.83909813"
"2000-07";"LD2010100";"93.34273913"
"2000-07";"VVP";"1.88874254"
"2000-08";"LD2010100";"93.10131489"
"2000-08";"VVP";"1.12473535"
"2000-09";"LD2010100";"93.56800232"
"2000-09";"VVP";"1.43992072"
"2000-10";"LD2010100";"93.46766502"
"2000-10";"VVP";"1.3322312"
"2000-11";"LD2010100";"93.91313487"
"2000-11";"VVP";"1.91235077"
"2000-12";"LD2010100";"93.84274012"
"2000-12";"VVP";"1.49340156"
"2001-01";"LD2010100";"93.7755181"
"2001-01";"VVP";"1.29556902"
"2001-02";"LD2010100";"93.64870841"
"2001-02";"VVP";"0.77974373"
"2001-03";"LD2010100";"93.79871862"
"2001-03";"VVP";"0.97576075"
"2001-04";"LD2010100";"94.05808855"
"2001-04";"VVP";"1.16654172"
"2001-05";"LD2010100";"94.56879748"
"2001-05";"VVP";"1.765877"
"2001-06";"LD2010100";"94.74775877"
"2001-06";"VVP";"1.58032308"
"2001-07";"LD2010100";"94.60449059"
"2001-07";"VVP";"1.35174034"
"2001-08";"LD2010100";"94.07970272"
"2001-08";"VVP";"1.05088507"
"2001-09";"LD2010100";"94.19947293"
"2001-09";"VVP";"0.6748788"
"2001-10";"LD2010100";"94.05670049"
"2001-10";"VVP";"0.63020241"
"2001-11";"LD2010100";"94.182717"
"2001-11";"VVP";"0.28705477"
"2001-12";"LD2010100";"94.14791622"
"2001-12";"VVP";"0.32519947"
"2002-01";"LD2010100";"94.26441456"
"2002-01";"VVP";"0.52134766"
"2002-02";"LD2010100";"94.26144014"
"2002-02";"VVP";"0.65428744"
"2002-03";"LD2010100";"94.27670886"
"2002-03";"VVP";"0.50959144"
"2002-04";"LD2010100";"95.09011519"
"2002-04";"VVP";"1.09722263"
"2002-05";"LD2010100";"95.18143006"
"2002-05";"VVP";"0.64781683"
"2002-06";"LD2010100";"95.05660332"
"2002-06";"VVP";"0.32596502"
"2002-07";"LD2010100";"94.55561086"
"2002-07";"VVP";"-0.05166745"
"2002-08";"LD2010100";"94.52418109"
"2002-08";"VVP";"0.47244875"
"2002-09";"LD2010100";"94.66744927"
"2002-09";"VVP";"0.49679295"
"2002-10";"LD2010100";"95.22039504"
"2002-10";"VVP";"1.23722664"
"2002-11";"LD2010100";"95.04500306"
"2002-11";"VVP";"0.91554596"
"2002-12";"LD2010100";"94.98670432"
"2002-12";"VVP";"0.89092583"
"2003-01";"LD2010100";"95.06265132"
"2003-01";"VVP";"0.84680604"
"2003-02";"LD2010100";"95.15624659"
"2003-02";"VVP";"0.94928154"
"2003-03";"LD2010100";"95.53915435"
"2003-03";"VVP";"1.33908524"
"2003-04";"LD2010100";"95.72902187"
"2003-04";"VVP";"0.671896"
"2003-05";"LD2010100";"95.57554149"
"2003-05";"VVP";"0.41406336"
"2003-06";"LD2010100";"95.57762359"
"2003-06";"VVP";"0.54811581"
"2003-07";"LD2010100";"94.81151063"
"2003-07";"VVP";"0.27063415"
"2003-08";"LD2010100";"95.03221303"
"2003-08";"VVP";"0.53746241"
"2003-09";"LD2010100";"95.16973066"
"2003-09";"VVP";"0.53057454"
"2003-10";"LD2010100";"95.65238083"
"2003-10";"VVP";"0.45366939"
"2003-11";"LD2010100";"95.53211488"
"2003-11";"VVP";"0.51250649"
"2003-12";"LD2010100";"95.55075461"
"2003-12";"VVP";"0.59382026"
"2004-01";"LD2010100";"95.22664134"
"2004-01";"VVP";"0.1725073"
"2004-02";"LD2010100";"95.24260409"
"2004-02";"VVP";"0.09075337"
"2004-03";"LD2010100";"95.44645141"
"2004-03";"VVP";"-0.09703136"
"2004-04";"LD2010100";"96.2516285"
"2004-04";"VVP";"0.54592287"
"2004-05";"LD2010100";"96.47391726"
"2004-05";"VVP";"0.93996409"
"2004-06";"LD2010100";"96.64048511"
"2004-06";"VVP";"1.11204012"
"2004-07";"LD2010100";"95.62908116"
"2004-07";"VVP";"0.86231147"
"2004-08";"LD2010100";"95.98343443"
"2004-08";"VVP";"1.00094628"
"2004-09";"LD2010100";"95.98898669"
"2004-09";"VVP";"0.86083677"
"2004-10";"LD2010100";"96.88894882"
"2004-10";"VVP";"1.29277283"
"2004-11";"LD2010100";"96.98185005"
"2004-11";"VVP";"1.51753699"
"2004-12";"LD2010100";"96.82321401"
"2004-12";"VVP";"1.33171046"
"2005-01";"LD2010100";"96.3738774"
"2005-01";"VVP";"1.20474276"
"2005-02";"LD2010100";"96.58575567"
"2005-02";"VVP";"1.4102424"
"2005-03";"LD2010100";"96.82202424"
"2005-03";"VVP";"1.4411985"
"2005-04";"LD2010100";"97.61460959"
"2005-04";"VVP";"1.41606029"
"2005-05";"LD2010100";"97.5176433"
"2005-05";"VVP";"1.08187381"
"2005-06";"LD2010100";"97.29842812"
"2005-06";"VVP";"0.68081509"
"2005-07";"LD2010100";"96.76630332"
"2005-07";"VVP";"1.18920118"
"2005-08";"LD2010100";"96.9056056"
"2005-08";"VVP";"0.96076076"
"2005-09";"LD2010100";"97.32956044"
"2005-09";"VVP";"1.39659121"
"2005-10";"LD2010100";"98.18074198"
"2005-10";"VVP";"1.33327193"
"2005-11";"LD2010100";"97.90471526"
"2005-11";"VVP";"0.95158548"
"2005-12";"LD2010100";"97.79763593"
"2005-12";"VVP";"1.00639287"
"2006-01";"LD2010100";"97.61788146"
"2006-01";"VVP";"1.29081042"
"2006-02";"LD2010100";"97.92206608"
"2006-02";"VVP";"1.38354812"
"2006-03";"LD2010100";"97.81815946"
"2006-03";"VVP";"1.02883124"
"2006-04";"LD2010100";"98.64842088"
"2006-04";"VVP";"1.05907435"
"2006-05";"LD2010100";"98.84572446"
"2006-05";"VVP";"1.36188808"
"2006-06";"LD2010100";"98.81845889"
"2006-06";"VVP";"1.5622357"
"2006-07";"LD2010100";"98.14475143"
"2006-07";"VVP";"1.42451252"
"2006-08";"LD2010100";"98.31270734"
"2006-08";"VVP";"1.45203338"
"2006-09";"LD2010100";"98.10231628"
"2006-09";"VVP";"0.79395801"
"2006-10";"LD2010100";"98.43455966"
"2006-10";"VVP";"0.25852084"
"2006-11";"LD2010100";"98.39192622"
"2006-11";"VVP";"0.49763789"
"2006-12";"LD2010100";"98.40501369"
"2006-12";"VVP";"0.62105567"
"2007-01";"LD2010100";"97.71762387"
"2007-01";"VVP";"0.10217638"
"2007-02";"LD2010100";"97.91086241"
"2007-02";"VVP";"-0.01144142"
"2007-03";"LD2010100";"97.987206"
"2007-03";"VVP";"0.17281713"
"2007-04";"LD2010100";"99.09627027"
"2007-04";"VVP";"0.45398536"
"2007-05";"LD2010100";"99.32797804"
"2007-05";"VVP";"0.48788512"
"2007-06";"LD2010100";"99.44170026"
"2007-06";"VVP";"0.63069327"
"2007-07";"LD2010100";"98.85177246"
"2007-07";"VVP";"0.72038598"
"2007-08";"LD2010100";"98.74122296"
"2007-08";"VVP";"0.43587003"
"2007-09";"LD2010100";"98.83521482"
"2007-09";"VVP";"0.74707567"
"2007-10";"LD2010100";"99.67905945"
"2007-10";"VVP";"1.26429152"
"2007-11";"LD2010100";"100.13365087"
"2007-11";"VVP";"1.77019062"
"2007-12";"LD2010100";"100.37695891"
"2007-12";"VVP";"2.00390726"
"2008-01";"LD2010100";"100.0884396"
"2008-01";"VVP";"2.42619052"
"2008-02";"LD2010100";"100.22605637"
"2008-02";"VVP";"2.36459358"
"2008-03";"LD2010100";"100.56504177"
"2008-03";"VVP";"2.63078811"
"2008-04";"LD2010100";"101.35951093"
"2008-04";"VVP";"2.28388077"
"2008-05";"LD2010100";"102.16448972"
"2008-05";"VVP";"2.85570262"
"2008-06";"LD2010100";"102.33720471"
"2008-06";"VVP";"2.91176081"
"2008-07";"LD2010100";"101.89123913"
"2008-07";"VVP";"3.07477205"
"2008-08";"LD2010100";"101.62601948"
"2008-08";"VVP";"2.9215726"
"2008-09";"LD2010100";"101.72843888"
"2008-09";"VVP";"2.92732106"
"2008-10";"LD2010100";"102.26889207"
"2008-10";"VVP";"2.5981712"
"2008-11";"LD2010100";"101.58774854"
"2008-11";"VVP";"1.45215685"
"2008-12";"LD2010100";"101.08060892"
"2008-12";"VVP";"0.70100751"
"2009-01";"LD2010100";"100.22774188"
"2009-01";"VVP";"0.13917919"
"2009-02";"LD2010100";"100.46410959"
"2009-02";"VVP";"0.2375163"
"2009-03";"LD2010100";"100.13840995"
"2009-03";"VVP";"-0.42423472"
"2009-04";"LD2010100";"101.0213187"
"2009-04";"VVP";"-0.33365613"
"2009-05";"LD2010100";"101.18233429"
"2009-05";"VVP";"-0.96134717"
"2009-06";"LD2010100";"101.36387342"
"2009-06";"VVP";"-0.95110209"
"2009-07";"LD2010100";"100.69125658"
"2009-07";"VVP";"-1.17770925"
"2009-08";"LD2010100";"100.8026984"
"2009-08";"VVP";"-0.81014792"
"2009-09";"LD2010100";"100.78980922"
"2009-09";"VVP";"-0.92268167"
"2009-10";"LD2010100";"101.41642161"
"2009-10";"VVP";"-0.83355793"
"2009-11";"LD2010100";"101.61213883"
"2009-11";"VVP";"0.02400909"
"2009-12";"LD2010100";"101.3663521"
"2009-12";"VVP";"0.28268842"
"2010-01";"LD2010100";"101.25381966"
"2010-01";"VVP";"1.02374628"
"2010-02";"LD2010100";"101.40115289"
"2010-02";"VVP";"0.93271448"
"2010-03";"LD2010100";"101.54015772"
"2010-03";"VVP";"1.3998103"
"2010-04";"LD2010100";"102.40799605"
"2010-04";"VVP";"1.37265813"
"2010-05";"LD2010100";"102.30220564"
"2010-05";"VVP";"1.10678544"
"2010-06";"LD2010100";"101.85693408"
"2010-06";"VVP";"0.48642642"
"2010-07";"LD2010100";"101.11263358"
"2010-07";"VVP";"0.4184842"
"2010-08";"LD2010100";"101.09855463"
"2010-08";"VVP";"0.29350031"
"2010-09";"LD2010100";"101.07515581"
"2010-09";"VVP";"0.28311056"
"2010-10";"LD2010100";"101.61303116"
"2010-10";"VVP";"0.19386362"
"2010-11";"LD2010100";"101.85693408"
"2010-11";"VVP";"0.24091142"
"2010-12";"LD2010100";"101.89312293"
"2010-12";"VVP";"0.5196703"
"2011-01";"LD2010100";"101.53579523"
"2011-01";"VVP";"0.27848389"
"2011-02";"LD2010100";"101.9185047"
"2011-02";"VVP";"0.51020308"
"2011-03";"LD2010100";"102.55989007"
"2011-03";"VVP";"1.00426508"
"2011-04";"LD2010100";"102.67311654"
"2011-04";"VVP";"0.25888652"
"2011-05";"LD2010100";"102.67985858"
"2011-05";"VVP";"0.36915425"
"2011-06";"LD2010100";"102.43169231"
"2011-06";"VVP";"0.56427992"
"2011-07";"LD2010100";"101.59002893"
"2011-07";"VVP";"0.47214214"
"2011-08";"LD2010100";"101.29298293"
"2011-08";"VVP";"0.19231561"
"2011-09";"LD2010100";"101.56613438"
"2011-09";"VVP";"0.48575593"
"2011-10";"LD2010100";"101.49871406"
"2011-10";"VVP";"-0.1125024"
"2011-11";"LD2010100";"101.32153742"
"2011-11";"VVP";"-0.52563595"
"2011-12";"LD2010100";"101.16488432"
"2011-12";"VVP";"-0.7147083"
"2012-01";"LD2010100";"100.73418746"
"2012-01";"VVP";"-0.78948294"
"2012-02";"LD2010100";"101.01804683"
"2012-02";"VVP";"-0.88350773"
"2012-03";"LD2010100";"101.58110565"
"2012-03";"VVP";"-0.954354"
"2012-04";"LD2010100";"101.65715181"
"2012-04";"VVP";"-0.98951388"
"2012-05";"LD2010100";"101.63900781"
"2012-05";"VVP";"-1.01368543"
"2012-06";"LD2010100";"101.35227316"
"2012-06";"VVP";"-1.05379412"
"2012-07";"LD2010100";"100.86456646"
"2012-07";"VVP";"-0.71410795"
"2012-08";"LD2010100";"100.83402902"
"2012-08";"VVP";"-0.45309547"
"2012-09";"LD2010100";"101.14832669"
"2012-09";"VVP";"-0.41136516"
"2012-10";"LD2010100";"101.27325257"
"2012-10";"VVP";"-0.22213235"
"2012-11";"LD2010100";"100.94110835"
"2012-11";"VVP";"-0.37546713"
"2012-12";"LD2010100";"100.72546247"
"2012-12";"VVP";"-0.43436204"
"2013-01";"LD2010100";"100.46252323"
"2013-01";"VVP";"-0.26968424"
"2013-02";"LD2010100";"100.75937093"
"2013-02";"VVP";"-0.256069"
"2013-03";"LD2010100";"100.97828867"
"2013-03";"VVP";"-0.59343416"
"2013-04";"LD2010100";"101.01219713"
"2013-04";"VVP";"-0.63444103"
"2013-05";"LD2010100";"101.12334151"
"2013-05";"VVP";"-0.50735078"
"2013-06";"LD2010100";"101.22268733"
"2013-06";"VVP";"-0.12785685"
"2013-07";"LD2010100";"100.86179033"
"2013-07";"VVP";"-0.00275234"
"2013-08";"LD2010100";"100.78911519"
"2013-08";"VVP";"-0.04454233"
"2013-09";"LD2010100";"101.09230833"
"2013-09";"VVP";"-0.05538238"
"2013-10";"LD2010100";"101.01467582"
"2013-10";"VVP";"-0.25532581"
"2013-11";"LD2010100";"101.02171529"
"2013-11";"VVP";"0.07985542"
"2013-12";"LD2010100";"100.79298194"
"2013-12";"VVP";"0.06703317"
"2014-01";"LD2010100";"100.51715351"
"2014-01";"VVP";"0.05437877"
"2014-02";"LD2010100";"100.61709422"
"2014-02";"VVP";"-0.14120444"
"2014-03";"LD2010100";"100.9810648"
"2014-03";"VVP";"0.00274924"
"2014-04";"LD2010100";"101.05056722"
"2014-04";"VVP";"0.0379856"
"2014-05";"LD2010100";"101.34662175"
"2014-05";"VVP";"0.2207999"
"2014-06";"LD2010100";"101.27295513"
"2014-06";"VVP";"0.0496606"
"2014-07";"LD2010100";"100.89391413"
"2014-07";"VVP";"0.03184933"
"2014-08";"LD2010100";"100.86139374"
"2014-08";"VVP";"0.07171265"
"2014-09";"LD2010100";"101.00367044"
"2014-09";"VVP";"-0.08768015"
"2014-10";"LD2010100";"101.00188579"
"2014-10";"VVP";"-0.01266156"
"2014-11";"LD2010100";"100.96252422"
"2014-11";"VVP";"-0.05859243"
"2014-12";"LD2010100";"100.46192834"
"2014-12";"VVP";"-0.32844906"
"2015-01";"LD2010100";"100.02944682"
"2015-01";"VVP";"-0.48519748"
"2015-02";"LD2010100";"99.77235727"
"2015-02";"VVP";"-0.8395561"
"2015-03";"LD2010100";"100.09775946"
"2015-03";"VVP";"-0.87472373"
"2015-04";"LD2010100";"99.91622034"
"2015-04";"VVP";"-1.1225537"
"2015-05";"LD2010100";"100.14882044"
"2015-05";"VVP";"-1.18188577"
"2015-06";"LD2010100";"100.22238791"
"2015-06";"VVP";"-1.03736207"
"2015-07";"LD2010100";"99.60648346"
"2015-07";"VVP";"-1.27602411"
"2015-08";"LD2010100";"99.44675679"
"2015-08";"VVP";"-1.40255543"
"2015-09";"LD2010100";"99.54550772"
"2015-09";"VVP";"-1.443673"
"2015-10";"LD2010100";"99.62849421"
"2015-10";"VVP";"-1.35976825"
"2015-11";"LD2010100";"99.55661225"
"2015-11";"VVP";"-1.39250874"
"2015-12";"LD2010100";"99.14752954"
"2015-12";"VVP";"-1.30835514"
"2016-01";"LD2010100";"98.76234139"
"2016-01";"VVP";"-1.26673242"
"2016-02";"LD2010100";"98.94566517"
"2016-02";"VVP";"-0.8285783"
"2016-03";"LD2010100";"99.23616743"
"2016-03";"VVP";"-0.86075057"
"2016-04";"LD2010100";"99.56454405"
"2016-04";"VVP";"-0.35197117"
"2016-05";"LD2010100";"99.70820882"
"2016-05";"VVP";"-0.43995688"
"2016-06";"LD2010100";"99.8475111"
"2016-06";"VVP";"-0.37404498"
"2016-07";"LD2010100";"99.40442079"
"2016-07";"VVP";"-0.20286096"
"2016-08";"LD2010100";"99.30448008"
"2016-08";"VVP";"-0.14306822"
"2016-09";"LD2010100";"99.36486093"
"2016-09";"VVP";"-0.18147157"
"2016-10";"LD2010100";"99.41641764"
"2016-10";"VVP";"-0.21286738"
"2016-11";"LD2010100";"99.21980809"
"2016-11";"VVP";"-0.33830416"
"2016-12";"LD2010100";"99.14088666"
"2016-12";"VVP";"-0.0067"
"2017-01";"LD2010100";"99.1069782"
"2017-01";"VVP";"0.34895569"
"2017-02";"LD2010100";"99.58486929"
"2017-02";"VVP";"0.64601529"
"2017-03";"LD2010100";"99.79972199"
"2017-03";"VVP";"0.5678923"
"2017-04";"LD2010100";"100.00039659"
"2017-04";"VVP";"0.43775879"
"2017-05";"LD2010100";"100.18619906"
"2017-05";"VVP";"0.47938905"
"2017-06";"LD2010100";"100.04441809"
"2017-06";"VVP";"0.19720771"
"2017-07";"LD2010100";"99.73170679"
"2017-07";"VVP";"0.32924692"
"2017-08";"LD2010100";"99.76402888"
"2017-08";"VVP";"0.46276744"
"2017-09";"LD2010100";"100.01279003"
"2017-09";"VVP";"0.65207066"
"2017-10";"LD2010100";"100.07346832"
"2017-10";"VVP";"0.66090762"
"2017-11";"LD2010100";"100.00079318"
"2017-11";"VVP";"0.78712619"
"2017-12";"LD2010100";"99.97233784"
"2017-12";"VVP";"0.83865619"
"2018-01";"LD2010100";"99.84057077"
"2018-01";"VVP";"0.74020274"
"2018-02";"LD2010100";"100.21029191"
"2018-02";"VVP";"0.62802976"
"2018-03";"LD2010100";"100.59349711"
"2018-03";"VVP";"0.79536807"
"2018-04";"LD2010100";"100.80359073"
"2018-04";"VVP";"0.80319095"
"2018-05";"LD2010100";"101.18729167"
"2018-05";"VVP";"0.99923205"
"2018-06";"LD2010100";"101.19145586"
"2018-06";"VVP";"1.1465285"
"2018-07";"LD2010100";"100.95875661"
"2018-07";"VVP";"1.23035077"
"2018-08";"LD2010100";"100.94219897"
"2018-08";"VVP";"1.18095681"
"2018-09";"LD2010100";"101.00238152"
"2018-09";"VVP";"0.98946494"
"2018-10";"LD2010100";"101.18084708"
"2018-10";"VVP";"1.10656578"
"2018-11";"LD2010100";"100.92276606"
"2018-11";"VVP";"0.92196556"
"2018-12";"LD2010100";"100.66369356"
"2018-12";"VVP";"0.69154702"
"2019-01";"LD2010100";"100.39976284"
"2019-01";"VVP";"0.56008501"
"2019-02";"LD2010100";"100.79020581"
"2019-02";"VVP";"0.57869695"
"2019-03";"LD2010100";"101.32689139"
"2019-03";"VVP";"0.72906728"
"2019-04";"LD2010100";"101.51735379"
"2019-04";"VVP";"0.70807306"
"2019-05";"LD2010100";"101.82907362"
"2019-05";"VVP";"0.63425154"
"2019-06";"LD2010100";"101.79893278"
"2019-06";"VVP";"0.60032431"
"2019-07";"LD2010100";"101.27345087"
"2019-07";"VVP";"0.31170576"
"2019-08";"LD2010100";"101.26323867"
"2019-08";"VVP";"0.3180431"
"2019-09";"LD2010100";"101.15219344"
"2019-09";"VVP";"0.14832513"
"2019-10";"LD2010100";"100.92474901"
"2019-10";"VVP";"-0.25310924"
"2019-11";"LD2010100";"100.79040411"
"2019-11";"VVP";"-0.13115173"
"2019-12";"LD2010100";"100.82054495"
"2019-12";"VVP";"0.15581724"
"2020-01";"LD2010100";"100.60291613"
"2020-01";"VVP";"0.20234439"
"2020-02";"LD2010100";"100.72744542"
"2020-02";"VVP";"-0.06226834"
"2020-03";"LD2010100";"100.80487964"
"2020-03";"VVP";"-0.51517592"
"2020-04";"LD2010100";"100.43813293"
"2020-04";"VVP";"-1.06309002"
"2020-05";"LD2010100";"100.48027063"
"2020-05";"VVP";"-1.32457553"
"2020-06";"LD2010100";"100.50119076"
"2020-06";"VVP";"-1.27480906"
"2020-07";"LD2010100";"100.34186068"
"2020-07";"VVP";"-0.91987602"
"2020-08";"LD2010100";"100.38608048"
"2020-08";"VVP";"-0.86621582"
"2020-09";"LD2010100";"100.34305045"
"2020-09";"VVP";"-0.79992629"
"2020-10";"LD2010100";"100.3491976"
"2020-10";"VVP";"-0.57027777"
"2020-11";"LD2010100";"100.10023815"
"2020-11";"VVP";"-0.68475363"
"2020-12";"LD2010100";"100"
"2020-12";"VVP";"-0.81386681"
"2021-01";"LD2010100";"100.0553"
"2021-01";"VVP";"-0.54433425"
"2021-02";"LD2010100";"100.2198"
"2021-02";"VVP";"-0.50397925"
"2021-03";"LD2010100";"100.5577"
"2021-03";"VVP";"-0.24520603"
"2021-04";"LD2010100";"100.7675"
"2021-04";"VVP";"0.3279303"
"2021-05";"LD2010100";"101.0339"
"2021-05";"VVP";"0.55098316"
"2021-06";"LD2010100";"101.1087"
"2021-06";"VVP";"0.60447964"
"2021-07";"LD2010100";"101.023"
"2021-07";"VVP";"0.6788187"
"2021-08";"LD2010100";"101.2711"
"2021-08";"VVP";"0.88161577"
"2021-09";"LD2010100";"101.2887"
"2021-09";"VVP";"0.94241658"
"2021-10";"LD2010100";"101.5954"
"2021-10";"VVP";"1.24186584"
"2021-11";"LD2010100";"101.6346"
"2021-11";"VVP";"1.53282537"
"2021-12";"LD2010100";"101.5311"
"2021-12";"VVP";"1.5311"
"2022-01";"LD2010100";"101.705"
"2022-01";"VVP";"1.64878822"
"2022-02";"LD2010100";"102.3754"
"2022-02";"VVP";"2.15087238"
"2022-03";"LD2010100";"102.9572"
"2022-03";"VVP";"2.38619221"
"2022-04";"LD2010100";"103.3351"
"2022-04";"VVP";"2.54804376"
"2022-05";"LD2010100";"104.0068"
"2022-05";"VVP";"2.94247772"
"2022-06";"LD2010100";"104.5312"
"2022-06";"VVP";"3.38497083"
"2022-07";"LD2010100";"104.4916"
"2022-07";"VVP";"3.43347555"
"2022-08";"LD2010100";"104.7671"
"2022-08";"VVP";"3.4521201"
"2022-09";"LD2010100";"104.5831"
"2022-09";"VVP";"3.25248522"
